[
{
    "model": "catalogue.productclass",
    "pk": 1,
    "fields": {
        "name": "Day Menu",
        "slug": "day-menu",
        "requires_shipping": true,
        "track_stock": true,
        "options": []
    }
},
{
    "model": "catalogue.productclass",
    "pk": 2,
    "fields": {
        "name": "Party Serving",
        "slug": "party-serving",
        "requires_shipping": true,
        "track_stock": true,
        "options": []
    }
},
{
    "model": "catalogue.productclass",
    "pk": 3,
    "fields": {
        "name": "Packaged Food",
        "slug": "packaged-food",
        "requires_shipping": true,
        "track_stock": true,
        "options": []
    }
},
{
    "model": "catalogue.category",
    "pk": 1,
    "fields": {
        "path": "0001",
        "depth": 1,
        "numchild": 0,
        "name": "Day Menu",
        "description": "",
        "image": "",
        "slug": "day-menu"
    }
},
{
    "model": "catalogue.category",
    "pk": 2,
    "fields": {
        "path": "0002",
        "depth": 1,
        "numchild": 0,
        "name": "Party Serving",
        "description": "",
        "image": "",
        "slug": "party-serving"
    }
},
{
    "model": "catalogue.category",
    "pk": 3,
    "fields": {
        "path": "0003",
        "depth": 1,
        "numchild": 0,
        "name": "Packaged Food",
        "description": "",
        "image": "",
        "slug": "packaged-food"
    }
},
{
    "model": "catalogue.productcategory",
    "pk": 1,
    "fields": {
        "product": 1,
        "category": 1
    }
},
{
    "model": "catalogue.productcategory",
    "pk": 2,
    "fields": {
        "product": 2,
        "category": 1
    }
},
{
    "model": "catalogue.productcategory",
    "pk": 3,
    "fields": {
        "product": 3,
        "category": 1
    }
},
{
    "model": "catalogue.productcategory",
    "pk": 4,
    "fields": {
        "product": 4,
        "category": 1
    }
},
{
    "model": "catalogue.productcategory",
    "pk": 5,
    "fields": {
        "product": 5,
        "category": 1
    }
},
{
    "model": "catalogue.productcategory",
    "pk": 6,
    "fields": {
        "product": 6,
        "category": 1
    }
},
{
    "model": "catalogue.productcategory",
    "pk": 7,
    "fields": {
        "product": 7,
        "category": 1
    }
},
{
    "model": "catalogue.productcategory",
    "pk": 8,
    "fields": {
        "product": 8,
        "category": 1
    }
},
{
    "model": "catalogue.productcategory",
    "pk": 9,
    "fields": {
        "product": 9,
        "category": 1
    }
},
{
    "model": "catalogue.productcategory",
    "pk": 10,
    "fields": {
        "product": 10,
        "category": 1
    }
},
{
    "model": "catalogue.productcategory",
    "pk": 11,
    "fields": {
        "product": 11,
        "category": 1
    }
},
{
    "model": "catalogue.productcategory",
    "pk": 12,
    "fields": {
        "product": 12,
        "category": 1
    }
},
{
    "model": "catalogue.productcategory",
    "pk": 13,
    "fields": {
        "product": 13,
        "category": 1
    }
},
{
    "model": "catalogue.productcategory",
    "pk": 14,
    "fields": {
        "product": 14,
        "category": 1
    }
},
{
    "model": "catalogue.productcategory",
    "pk": 15,
    "fields": {
        "product": 15,
        "category": 1
    }
},
{
    "model": "catalogue.productcategory",
    "pk": 16,
    "fields": {
        "product": 16,
        "category": 1
    }
},
{
    "model": "catalogue.productcategory",
    "pk": 17,
    "fields": {
        "product": 17,
        "category": 1
    }
},
{
    "model": "catalogue.productcategory",
    "pk": 18,
    "fields": {
        "product": 18,
        "category": 1
    }
},
{
    "model": "catalogue.productcategory",
    "pk": 19,
    "fields": {
        "product": 19,
        "category": 1
    }
},
{
    "model": "catalogue.productcategory",
    "pk": 20,
    "fields": {
        "product": 20,
        "category": 1
    }
},
{
    "model": "catalogue.productcategory",
    "pk": 21,
    "fields": {
        "product": 21,
        "category": 1
    }
},
{
    "model": "catalogue.productcategory",
    "pk": 22,
    "fields": {
        "product": 22,
        "category": 1
    }
},
{
    "model": "catalogue.productcategory",
    "pk": 23,
    "fields": {
        "product": 23,
        "category": 1
    }
},
{
    "model": "catalogue.productcategory",
    "pk": 24,
    "fields": {
        "product": 24,
        "category": 1
    }
},
{
    "model": "catalogue.productcategory",
    "pk": 25,
    "fields": {
        "product": 25,
        "category": 2
    }
},
{
    "model": "catalogue.productcategory",
    "pk": 26,
    "fields": {
        "product": 26,
        "category": 2
    }
},
{
    "model": "catalogue.productcategory",
    "pk": 27,
    "fields": {
        "product": 27,
        "category": 3
    }
},
{
    "model": "catalogue.product",
    "pk": 1,
    "fields": {
        "structure": "standalone",
        "upc": "1001001",
        "parent": null,
        "title": "Chao Shou \u6284\u624b",
        "slug": "chao-shou-chao-shou",
        "description": "<p style=\"font-family: 'Comic Sans MS'; font-size: 120%;\">Fried Sichuan dumplings filled with meat or vegetables</p>",
        "product_class": 1,
        "rating": null,
        "date_created": "2017-07-10T16:09:57.000Z",
        "date_updated": "2017-07-10T16:09:57.000Z",
        "is_discountable": true,
        "product_options": []
    }
},
{
    "model": "catalogue.product",
    "pk": 2,
    "fields": {
        "structure": "standalone",
        "upc": "1001002",
        "parent": null,
        "title": "Seafood Porridge \u6d77\u9c9c\u7ca5",
        "slug": "seafood-porridge-hai-xian-zhou",
        "description": "<p style=\"font-family: 'Comic Sans MS'; font-size: 120%;\">Tasty rice porridge with mixed seafood and vegetables</p>",
        "product_class": 1,
        "rating": null,
        "date_created": "2017-07-10T16:09:57.127Z",
        "date_updated": "2017-07-10T16:09:57.127Z",
        "is_discountable": true,
        "product_options": []
    }
},
{
    "model": "catalogue.product",
    "pk": 3,
    "fields": {
        "structure": "standalone",
        "upc": "1001003",
        "parent": null,
        "title": "Silver Wood Ear Soup \u94f6\u8033\u6c64",
        "slug": "silver-wood-ear-soup-yin-er-tang",
        "description": "<p style=\"font-family: 'Comic Sans MS'; font-size: 120%;\">A healthy and light Chinese style soup made from wood ear fungus</p>",
        "product_class": 1,
        "rating": null,
        "date_created": "2017-07-10T16:09:57.180Z",
        "date_updated": "2017-07-10T16:09:57.180Z",
        "is_discountable": true,
        "product_options": []
    }
},
{
    "model": "catalogue.product",
    "pk": 4,
    "fields": {
        "structure": "standalone",
        "upc": "1001004",
        "parent": null,
        "title": "Liang Mian \u51c9\u9762",
        "slug": "liang-mian-liang-mian",
        "description": "<p style=\"font-family: 'Comic Sans MS'; font-size: 120%;\">Cold noodles with Chinese black bean chili sauce and vegetables</p>",
        "product_class": 1,
        "rating": null,
        "date_created": "2017-07-10T16:09:57.211Z",
        "date_updated": "2017-07-10T16:09:57.211Z",
        "is_discountable": true,
        "product_options": []
    }
},
{
    "model": "catalogue.product",
    "pk": 5,
    "fields": {
        "structure": "standalone",
        "upc": "1001005",
        "parent": null,
        "title": "Baozi \u5305\u5b50",
        "slug": "baozi-bao-zi",
        "description": "<p style=\"font-family: 'Comic Sans MS'; font-size: 120%;\">Home made traditional Chinese rice buns stuffed with vegetables and meat</p>",
        "product_class": 1,
        "rating": null,
        "date_created": "2017-07-10T16:09:57.235Z",
        "date_updated": "2017-07-10T16:09:57.235Z",
        "is_discountable": true,
        "product_options": []
    }
},
{
    "model": "catalogue.product",
    "pk": 6,
    "fields": {
        "structure": "standalone",
        "upc": "1001006",
        "parent": null,
        "title": "Char Siu Rice \u53c9\u70e7\u996d",
        "slug": "char-siu-rice-cha-shao-fan",
        "description": "<p style=\"font-family: 'Comic Sans MS'; font-size: 120%;\">Cantonese style roasted pork with sweet barbecue sauce served together with rice</p>",
        "product_class": 1,
        "rating": null,
        "date_created": "2017-07-10T16:09:57.262Z",
        "date_updated": "2017-07-10T16:09:57.262Z",
        "is_discountable": true,
        "product_options": []
    }
},
{
    "model": "catalogue.product",
    "pk": 7,
    "fields": {
        "structure": "standalone",
        "upc": "1001007",
        "parent": null,
        "title": "Chongqing Beef Noodles \u91cd\u5e86\u725b\u8089\u9762",
        "slug": "chongqing-beef-noodles-zhong-qing-niu-rou-mian",
        "description": "<p style=\"font-family: 'Comic Sans MS'; font-size: 120%;\">Spicy chili and pepper soup with noodles and beef from Panda Annie's hometown of Chongqing</p>",
        "product_class": 1,
        "rating": null,
        "date_created": "2017-07-10T16:09:57.285Z",
        "date_updated": "2017-07-10T16:09:57.285Z",
        "is_discountable": true,
        "product_options": []
    }
},
{
    "model": "catalogue.product",
    "pk": 8,
    "fields": {
        "structure": "standalone",
        "upc": "1001008",
        "parent": null,
        "title": "Takoyaki \u7ae0\u9c7c\u70e7",
        "slug": "takoyaki-zhang-yu-shao",
        "description": "<p style=\"font-family: 'Comic Sans MS'; font-size: 120%;\">Japanese style fried snack balls filled with vegetables and octopus</p>",
        "product_class": 1,
        "rating": null,
        "date_created": "2017-07-10T16:09:57.309Z",
        "date_updated": "2017-07-10T16:09:57.309Z",
        "is_discountable": true,
        "product_options": []
    }
},
{
    "model": "catalogue.product",
    "pk": 9,
    "fields": {
        "structure": "standalone",
        "upc": "1001009",
        "parent": null,
        "title": "Spring Roll \u8d8a\u5357\u6625\u5377",
        "slug": "spring-roll-yue-nan-chun-juan",
        "description": "<p style=\"font-family: 'Comic Sans MS'; font-size: 120%;\">Vietnamese style vegetable and seafood rolls with rice noodles</p>",
        "product_class": 1,
        "rating": null,
        "date_created": "2017-07-10T16:09:57.330Z",
        "date_updated": "2017-07-10T16:09:57.330Z",
        "is_discountable": true,
        "product_options": []
    }
},
{
    "model": "catalogue.product",
    "pk": 10,
    "fields": {
        "structure": "standalone",
        "upc": "1001010",
        "parent": null,
        "title": "Sushi \u5bff\u53f8",
        "slug": "sushi-shou-si",
        "description": "<p style=\"font-family: 'Comic Sans MS'; font-size: 120%;\">Japanese style dish of raw seafood with vinegared-rice wrapped in Nori (seaweed)</p>",
        "product_class": 1,
        "rating": null,
        "date_created": "2017-07-10T16:09:57.350Z",
        "date_updated": "2017-07-10T16:09:57.350Z",
        "is_discountable": true,
        "product_options": []
    }
},
{
    "model": "catalogue.product",
    "pk": 11,
    "fields": {
        "structure": "standalone",
        "upc": "1001011",
        "parent": null,
        "title": "Bibimbap \u77f3\u9505\u62cc\u996d",
        "slug": "bibimbap-shi-guo-ban-fan",
        "description": "<p style=\"font-family: 'Comic Sans MS'; font-size: 120%;\">Korean style mixed rice with vegetables and meat served with spicy chili sauce and topped with fried egg</p>",
        "product_class": 1,
        "rating": null,
        "date_created": "2017-07-10T16:09:57.377Z",
        "date_updated": "2017-07-10T16:09:57.377Z",
        "is_discountable": true,
        "product_options": []
    }
},
{
    "model": "catalogue.product",
    "pk": 12,
    "fields": {
        "structure": "standalone",
        "upc": "1001012",
        "parent": null,
        "title": "Scallop w/ Vermicelli \u849c\u84c9\u7c89\u4e1d\u6247\u8d1d",
        "slug": "scallop-w-vermicelli-suan-rong-fen-si-shan-bei",
        "description": "<p style=\"font-family: 'Comic Sans MS'; font-size: 120%;\">Thin rice noodles topped with scallops, garlic and soy sauce</p>",
        "product_class": 1,
        "rating": null,
        "date_created": "2017-07-10T16:09:57.403Z",
        "date_updated": "2017-07-10T16:09:57.403Z",
        "is_discountable": true,
        "product_options": []
    }
},
{
    "model": "catalogue.product",
    "pk": 13,
    "fields": {
        "structure": "standalone",
        "upc": "1001013",
        "parent": null,
        "title": "Tom Yum Noodles \u51ac\u9634\u529f\u6c64\u9762",
        "slug": "tom-yum-noodles-dong-yin-gong-tang-mian",
        "description": "<p style=\"font-family: 'Comic Sans MS'; font-size: 120%;\">Rice noodles and seafood soup with traditional Thai Tom Yum sauce</p>",
        "product_class": 1,
        "rating": null,
        "date_created": "2017-07-10T16:09:57.427Z",
        "date_updated": "2017-07-10T16:09:57.427Z",
        "is_discountable": true,
        "product_options": []
    }
},
{
    "model": "catalogue.product",
    "pk": 14,
    "fields": {
        "structure": "standalone",
        "upc": "1001014",
        "parent": null,
        "title": "Claypot Tofu \u7802\u9505\u8c46\u8150",
        "slug": "claypot-tofu-sha-guo-dou-fu",
        "description": "<p style=\"font-family: 'Comic Sans MS'; font-size: 120%;\">Tofu and rice noodles with mixed vegetables cooked in an earthen pot</p>",
        "product_class": 1,
        "rating": null,
        "date_created": "2017-07-10T16:09:57.459Z",
        "date_updated": "2017-07-10T16:09:57.459Z",
        "is_discountable": true,
        "product_options": []
    }
},
{
    "model": "catalogue.product",
    "pk": 15,
    "fields": {
        "structure": "standalone",
        "upc": "1001015",
        "parent": null,
        "title": "Braised Pork Rice \u53f0\u6e7e\u5364\u8089\u996d",
        "slug": "braised-pork-rice-tai-wan-lu-rou-fan",
        "description": "<p style=\"font-family: 'Comic Sans MS'; font-size: 120%;\">Classic Taiwanese dish of pork slowly cooked in a flavorful broth of soy sauce, wine and spices</p>",
        "product_class": 1,
        "rating": null,
        "date_created": "2017-07-10T16:09:57.480Z",
        "date_updated": "2017-07-10T16:09:57.480Z",
        "is_discountable": true,
        "product_options": []
    }
},
{
    "model": "catalogue.product",
    "pk": 16,
    "fields": {
        "structure": "standalone",
        "upc": "1001016",
        "parent": null,
        "title": "Steamed Rice w/ Bacon \u814a\u8089\u996d",
        "slug": "steamed-rice-w-bacon-la-rou-fan",
        "description": "<p style=\"font-family: 'Comic Sans MS'; font-size: 120%;\">Chinese steamed rice dish with green beans and bacon</p>",
        "product_class": 1,
        "rating": null,
        "date_created": "2017-07-10T16:09:57.514Z",
        "date_updated": "2017-07-10T16:09:57.514Z",
        "is_discountable": true,
        "product_options": []
    }
},
{
    "model": "catalogue.product",
    "pk": 17,
    "fields": {
        "structure": "standalone",
        "upc": "1001017",
        "parent": null,
        "title": "Shredded Pork w/ Hot Garlic Sauce \u9c7c\u9999\u8089\u4e1d",
        "slug": "shredded-pork-w-hot-garlic-sauce-yu-xiang-rou-si",
        "description": "<p style=\"font-family: 'Comic Sans MS'; font-size: 120%;\">Famous Sichuan dish of shredded pork in a spicy sauce made from Sichuan peppers, soy sauce and vinegar</p>",
        "product_class": 1,
        "rating": null,
        "date_created": "2017-07-10T16:09:57.536Z",
        "date_updated": "2017-07-10T16:09:57.536Z",
        "is_discountable": true,
        "product_options": []
    }
},
{
    "model": "catalogue.product",
    "pk": 18,
    "fields": {
        "structure": "standalone",
        "upc": "1001018",
        "parent": null,
        "title": "Kung Pao Chicken \u5bab\u4fdd\u9e21\u4e01",
        "slug": "kung-pao-chicken-gong-bao-ji-ding",
        "description": "<p style=\"font-family: 'Comic Sans MS'; font-size: 120%;\">Famous Chinese dish of stir-fried chicken cubes with peanuts, vegetables and chili sauce</p>",
        "product_class": 1,
        "rating": null,
        "date_created": "2017-07-10T16:09:57.560Z",
        "date_updated": "2017-07-10T16:09:57.560Z",
        "is_discountable": true,
        "product_options": []
    }
},
{
    "model": "catalogue.product",
    "pk": 19,
    "fields": {
        "structure": "standalone",
        "upc": "1001019",
        "parent": null,
        "title": "Potato Salad \u571f\u8c46\u6c99\u62c9",
        "slug": "potato-salad-tu-dou-sha-la",
        "description": "<p style=\"font-family: 'Comic Sans MS'; font-size: 120%;\">Healthy salad made with potatoes and vegetables</p>",
        "product_class": 1,
        "rating": null,
        "date_created": "2017-07-10T16:09:57.586Z",
        "date_updated": "2017-07-10T16:09:57.586Z",
        "is_discountable": true,
        "product_options": []
    }
},
{
    "model": "catalogue.product",
    "pk": 20,
    "fields": {
        "structure": "standalone",
        "upc": "1001020",
        "parent": null,
        "title": "Stir-fried Tomato and Egg \u897f\u7ea2\u67ff\u7092\u9e21\u86cb",
        "slug": "stir-fried-tomato-and-egg-xi-hong-shi-chao-ji-dan",
        "description": "<p style=\"font-family: 'Comic Sans MS'; font-size: 120%;\">Classic Chinese dish of tomatoes and eggs stir-fried with onions</p>",
        "product_class": 1,
        "rating": null,
        "date_created": "2017-07-10T16:09:57.611Z",
        "date_updated": "2017-07-10T16:09:57.611Z",
        "is_discountable": true,
        "product_options": []
    }
},
{
    "model": "catalogue.product",
    "pk": 21,
    "fields": {
        "structure": "standalone",
        "upc": "1001021",
        "parent": null,
        "title": "Cream of Mushroom Soup \u5976\u6cb9\u8611\u83c7\u6c64",
        "slug": "cream-of-mushroom-soup-nai-you-mo-gu-tang",
        "description": "<p style=\"font-family: 'Comic Sans MS'; font-size: 120%;\">Comforting and filing home made soup with mushroom and cream</p>",
        "product_class": 1,
        "rating": null,
        "date_created": "2017-07-10T16:09:57.633Z",
        "date_updated": "2017-07-10T16:09:57.633Z",
        "is_discountable": true,
        "product_options": []
    }
},
{
    "model": "catalogue.product",
    "pk": 22,
    "fields": {
        "structure": "standalone",
        "upc": "1001022",
        "parent": null,
        "title": "Spaghetti w/ Garlic Tomato Sauce \u610f\u5927\u5229\u9762",
        "slug": "spaghetti-w-garlic-tomato-sauce-yi-da-li-mian",
        "description": "<p style=\"font-family: 'Comic Sans MS'; font-size: 120%;\">Spaghetti served with Panda Annie's special garlic tomato sauce</p>",
        "product_class": 1,
        "rating": null,
        "date_created": "2017-07-10T16:09:57.654Z",
        "date_updated": "2017-07-10T16:09:57.654Z",
        "is_discountable": true,
        "product_options": []
    }
},
{
    "model": "catalogue.product",
    "pk": 23,
    "fields": {
        "structure": "parent",
        "upc": "1001023",
        "parent": null,
        "title": "Cold Skin Noodles \u51c9\u76ae",
        "slug": "cold-skin-noodles-liang-pi",
        "description": "<p style=\"font-family: 'Comic Sans MS'; font-size: 120%;\">Traditional Chinese dish of cold noodles covered in chili oil and black vinegar</p>",
        "product_class": 1,
        "rating": null,
        "date_created": "2017-07-10T16:09:57.675Z",
        "date_updated": "2017-07-11T11:35:44.388Z",
        "is_discountable": true,
        "product_options": []
    }
},
{
    "model": "catalogue.product",
    "pk": 24,
    "fields": {
        "structure": "standalone",
        "upc": "1001024",
        "parent": null,
        "title": "Lettuce w/ Oyster Sauce \u869d\u6cb9\u751f\u83dc",
        "slug": "lettuce-w-oyster-sauce-ci-you-sheng-cai",
        "description": "<p style=\"font-family: 'Comic Sans MS'; font-size: 120%;\">Stir-fried lettuce with oyster sauce and ginger </p>",
        "product_class": 1,
        "rating": null,
        "date_created": "2017-07-10T16:09:57.698Z",
        "date_updated": "2017-07-10T16:09:57.698Z",
        "is_discountable": true,
        "product_options": []
    }
},
{
    "model": "catalogue.product",
    "pk": 25,
    "fields": {
        "structure": "standalone",
        "upc": "2001001",
        "parent": null,
        "title": "Roast Fish \u70e4\u9c7c",
        "slug": "roast-fish-kao-yu",
        "description": "<p style=\"font-family: 'Comic Sans MS'; font-size: 120%;\">Whole roasted fish immersed in a savory sauce of spices and vegetables<p style=\"font-family: 'Comic Sans MS'; font-size: 120%;>Great for parties and small gatherings</p>",
        "product_class": 2,
        "rating": null,
        "date_created": "2017-07-10T16:09:57.723Z",
        "date_updated": "2017-07-10T16:09:57.723Z",
        "is_discountable": true,
        "product_options": []
    }
},
{
    "model": "catalogue.product",
    "pk": 26,
    "fields": {
        "structure": "standalone",
        "upc": "2001002",
        "parent": null,
        "title": "Hotpot \u706b\u9505",
        "slug": "hotpot-huo-guo",
        "description": "<p style=\"font-family: 'Comic Sans MS'; font-size: 120%;\">Tasty soupe with sauce, allows you to cook any food you want.<p style=\"font-family: 'Comic Sans MS'; font-size: 120%;>Great for parties and small gatherings</p>",
        "product_class": 2,
        "rating": null,
        "date_created": "2017-07-10T16:09:57.747Z",
        "date_updated": "2017-07-10T16:09:57.747Z",
        "is_discountable": true,
        "product_options": []
    }
},
{
    "model": "catalogue.product",
    "pk": 27,
    "fields": {
        "structure": "standalone",
        "upc": "3002001",
        "parent": null,
        "title": "Sausage \u9999\u80a0",
        "slug": "sausage-xiang-chang",
        "description": "<p style=\"font-family: 'Comic Sans MS'; font-size: 120%;\">Homemade Chinese style sausage.</p>",
        "product_class": 3,
        "rating": null,
        "date_created": "2017-07-10T16:09:57.769Z",
        "date_updated": "2017-07-10T16:09:57.769Z",
        "is_discountable": true,
        "product_options": []
    }
},
{
    "model": "catalogue.product",
    "pk": 28,
    "fields": {
        "structure": "child",
        "upc": "100102301",
        "parent": 23,
        "title": "Spicy with sesame sauce",
        "slug": "spicy-with-sesame-sauce",
        "description": "",
        "product_class": null,
        "rating": null,
        "date_created": "2017-07-11T11:01:54.678Z",
        "date_updated": "2017-07-11T11:40:39.901Z",
        "is_discountable": true,
        "product_options": []
    }
},
{
    "model": "catalogue.product",
    "pk": 29,
    "fields": {
        "structure": "child",
        "upc": "100102302",
        "parent": 23,
        "title": "Spicy without sesame sauce",
        "slug": "spicy-without-sesame-sauce",
        "description": "",
        "product_class": null,
        "rating": null,
        "date_created": "2017-07-11T11:34:57.590Z",
        "date_updated": "2017-07-11T11:34:57.591Z",
        "is_discountable": true,
        "product_options": []
    }
},
{
    "model": "catalogue.product",
    "pk": 30,
    "fields": {
        "structure": "child",
        "upc": "100102303",
        "parent": 23,
        "title": "Not spicy with sesame sauce",
        "slug": "not-spicy-with-sesame-sauce",
        "description": "",
        "product_class": null,
        "rating": null,
        "date_created": "2017-07-11T11:35:19.375Z",
        "date_updated": "2017-07-11T11:38:15.336Z",
        "is_discountable": true,
        "product_options": []
    }
},
{
    "model": "catalogue.product",
    "pk": 31,
    "fields": {
        "structure": "child",
        "upc": "100102304",
        "parent": 23,
        "title": "Not spicy without sesame sauce",
        "slug": "not-spicy-without-sesame-sauce",
        "description": "",
        "product_class": null,
        "rating": null,
        "date_created": "2017-07-11T11:35:44.302Z",
        "date_updated": "2017-07-11T11:40:20.135Z",
        "is_discountable": true,
        "product_options": []
    }
},
{
    "model": "catalogue.productimage",
    "pk": 1,
    "fields": {
        "product": 2,
        "original": "images/products/2017/07/1001002.jpg",
        "caption": "",
        "display_order": 0,
        "date_created": "2017-07-10T16:10:00.802Z"
    }
},
{
    "model": "catalogue.productimage",
    "pk": 2,
    "fields": {
        "product": 26,
        "original": "images/products/2017/07/2001002.jpg",
        "caption": "",
        "display_order": 0,
        "date_created": "2017-07-10T16:10:00.808Z"
    }
},
{
    "model": "catalogue.productimage",
    "pk": 3,
    "fields": {
        "product": 24,
        "original": "images/products/2017/07/1001024.jpeg",
        "caption": "",
        "display_order": 0,
        "date_created": "2017-07-10T16:10:00.813Z"
    }
},
{
    "model": "catalogue.productimage",
    "pk": 4,
    "fields": {
        "product": 13,
        "original": "images/products/2017/07/1001013.jpg",
        "caption": "",
        "display_order": 0,
        "date_created": "2017-07-10T16:10:00.822Z"
    }
},
{
    "model": "catalogue.productimage",
    "pk": 5,
    "fields": {
        "product": 12,
        "original": "images/products/2017/07/1001012.jpg",
        "caption": "",
        "display_order": 0,
        "date_created": "2017-07-10T16:10:00.828Z"
    }
},
{
    "model": "catalogue.productimage",
    "pk": 6,
    "fields": {
        "product": 18,
        "original": "images/products/2017/07/1001018.jpg",
        "caption": "",
        "display_order": 0,
        "date_created": "2017-07-10T16:10:00.833Z"
    }
},
{
    "model": "catalogue.productimage",
    "pk": 7,
    "fields": {
        "product": 4,
        "original": "images/products/2017/07/1001004.jpg",
        "caption": "",
        "display_order": 0,
        "date_created": "2017-07-10T16:10:00.838Z"
    }
},
{
    "model": "catalogue.productimage",
    "pk": 8,
    "fields": {
        "product": 1,
        "original": "images/products/2017/07/1001001.jpg",
        "caption": "",
        "display_order": 0,
        "date_created": "2017-07-10T16:10:00.843Z"
    }
},
{
    "model": "catalogue.productimage",
    "pk": 9,
    "fields": {
        "product": 15,
        "original": "images/products/2017/07/1001015.jpg",
        "caption": "",
        "display_order": 0,
        "date_created": "2017-07-10T16:10:00.849Z"
    }
},
{
    "model": "catalogue.productimage",
    "pk": 10,
    "fields": {
        "product": 19,
        "original": "images/products/2017/07/1001019.jpg",
        "caption": "",
        "display_order": 0,
        "date_created": "2017-07-10T16:10:00.855Z"
    }
},
{
    "model": "catalogue.productimage",
    "pk": 11,
    "fields": {
        "product": 16,
        "original": "images/products/2017/07/1001016.jpg",
        "caption": "",
        "display_order": 0,
        "date_created": "2017-07-10T16:10:00.861Z"
    }
},
{
    "model": "catalogue.productimage",
    "pk": 12,
    "fields": {
        "product": 8,
        "original": "images/products/2017/07/1001008.jpg",
        "caption": "",
        "display_order": 0,
        "date_created": "2017-07-10T16:10:00.867Z"
    }
},
{
    "model": "catalogue.productimage",
    "pk": 13,
    "fields": {
        "product": 5,
        "original": "images/products/2017/07/1001005.jpg",
        "caption": "",
        "display_order": 0,
        "date_created": "2017-07-10T16:10:00.872Z"
    }
},
{
    "model": "catalogue.productimage",
    "pk": 14,
    "fields": {
        "product": 25,
        "original": "images/products/2017/07/2001001.jpg",
        "caption": "",
        "display_order": 0,
        "date_created": "2017-07-10T16:10:00.878Z"
    }
},
{
    "model": "catalogue.productimage",
    "pk": 15,
    "fields": {
        "product": 3,
        "original": "images/products/2017/07/1001003.jpg",
        "caption": "",
        "display_order": 0,
        "date_created": "2017-07-10T16:10:00.885Z"
    }
},
{
    "model": "catalogue.productimage",
    "pk": 16,
    "fields": {
        "product": 17,
        "original": "images/products/2017/07/1001017.png",
        "caption": "",
        "display_order": 0,
        "date_created": "2017-07-10T16:10:00.894Z"
    }
},
{
    "model": "catalogue.productimage",
    "pk": 17,
    "fields": {
        "product": 11,
        "original": "images/products/2017/07/1001011.jpg",
        "caption": "",
        "display_order": 0,
        "date_created": "2017-07-10T16:10:00.901Z"
    }
},
{
    "model": "catalogue.productimage",
    "pk": 18,
    "fields": {
        "product": 23,
        "original": "images/products/2017/07/1001023.jpg",
        "caption": "",
        "display_order": 0,
        "date_created": "2017-07-10T16:10:00.909Z"
    }
},
{
    "model": "catalogue.productimage",
    "pk": 19,
    "fields": {
        "product": 27,
        "original": "images/products/2017/07/3002001.jpg",
        "caption": "",
        "display_order": 0,
        "date_created": "2017-07-10T16:10:00.914Z"
    }
},
{
    "model": "catalogue.productimage",
    "pk": 20,
    "fields": {
        "product": 21,
        "original": "images/products/2017/07/1001021.jpg",
        "caption": "",
        "display_order": 0,
        "date_created": "2017-07-10T16:10:00.921Z"
    }
},
{
    "model": "catalogue.productimage",
    "pk": 21,
    "fields": {
        "product": 7,
        "original": "images/products/2017/07/1001007.jpg",
        "caption": "",
        "display_order": 0,
        "date_created": "2017-07-10T16:10:00.928Z"
    }
},
{
    "model": "catalogue.productimage",
    "pk": 22,
    "fields": {
        "product": 20,
        "original": "images/products/2017/07/1001020.jpg",
        "caption": "",
        "display_order": 0,
        "date_created": "2017-07-10T16:10:00.934Z"
    }
},
{
    "model": "catalogue.productimage",
    "pk": 23,
    "fields": {
        "product": 22,
        "original": "images/products/2017/07/1001022.jpg",
        "caption": "",
        "display_order": 0,
        "date_created": "2017-07-10T16:10:00.940Z"
    }
},
{
    "model": "catalogue.productimage",
    "pk": 24,
    "fields": {
        "product": 10,
        "original": "images/products/2017/07/1001010.jpg",
        "caption": "",
        "display_order": 0,
        "date_created": "2017-07-10T16:10:00.944Z"
    }
},
{
    "model": "catalogue.productimage",
    "pk": 25,
    "fields": {
        "product": 14,
        "original": "images/products/2017/07/1001014.jpg",
        "caption": "",
        "display_order": 0,
        "date_created": "2017-07-10T16:10:00.950Z"
    }
},
{
    "model": "catalogue.productimage",
    "pk": 26,
    "fields": {
        "product": 2,
        "original": "images/products/2017/07/1001002_foLu2Xh.jpg",
        "caption": "",
        "display_order": 1,
        "date_created": "2017-07-10T16:10:03.651Z"
    }
},
{
    "model": "catalogue.productimage",
    "pk": 27,
    "fields": {
        "product": 26,
        "original": "images/products/2017/07/2001002_dm2Qfth.jpg",
        "caption": "",
        "display_order": 1,
        "date_created": "2017-07-10T16:10:03.658Z"
    }
},
{
    "model": "catalogue.productimage",
    "pk": 28,
    "fields": {
        "product": 9,
        "original": "images/products/2017/07/1001009.jpg",
        "caption": "",
        "display_order": 0,
        "date_created": "2017-07-10T16:10:03.664Z"
    }
},
{
    "model": "catalogue.productimage",
    "pk": 29,
    "fields": {
        "product": 12,
        "original": "images/products/2017/07/1001012_Qv4m4ip.jpg",
        "caption": "",
        "display_order": 1,
        "date_created": "2017-07-10T16:10:03.671Z"
    }
},
{
    "model": "catalogue.productimage",
    "pk": 30,
    "fields": {
        "product": 18,
        "original": "images/products/2017/07/1001018_TjpnA3u.jpg",
        "caption": "",
        "display_order": 1,
        "date_created": "2017-07-10T16:10:03.678Z"
    }
},
{
    "model": "catalogue.productimage",
    "pk": 31,
    "fields": {
        "product": 4,
        "original": "images/products/2017/07/1001004_8ZOuRQz.jpg",
        "caption": "",
        "display_order": 1,
        "date_created": "2017-07-10T16:10:03.685Z"
    }
},
{
    "model": "catalogue.productimage",
    "pk": 32,
    "fields": {
        "product": 1,
        "original": "images/products/2017/07/1001001_MHxOxgz.jpg",
        "caption": "",
        "display_order": 1,
        "date_created": "2017-07-10T16:10:03.690Z"
    }
},
{
    "model": "catalogue.productimage",
    "pk": 33,
    "fields": {
        "product": 15,
        "original": "images/products/2017/07/1001015_L3mxXKm.jpg",
        "caption": "",
        "display_order": 1,
        "date_created": "2017-07-10T16:10:03.697Z"
    }
},
{
    "model": "catalogue.productimage",
    "pk": 34,
    "fields": {
        "product": 24,
        "original": "images/products/2017/07/1001024.jpg",
        "caption": "",
        "display_order": 1,
        "date_created": "2017-07-10T16:10:03.703Z"
    }
},
{
    "model": "catalogue.productimage",
    "pk": 35,
    "fields": {
        "product": 19,
        "original": "images/products/2017/07/1001019_x6ikxJl.jpg",
        "caption": "",
        "display_order": 1,
        "date_created": "2017-07-10T16:10:03.709Z"
    }
},
{
    "model": "catalogue.productimage",
    "pk": 36,
    "fields": {
        "product": 8,
        "original": "images/products/2017/07/1001008_vBpq9sB.jpg",
        "caption": "",
        "display_order": 1,
        "date_created": "2017-07-10T16:10:03.717Z"
    }
},
{
    "model": "catalogue.productimage",
    "pk": 37,
    "fields": {
        "product": 5,
        "original": "images/products/2017/07/1001005_oVAIVdf.jpg",
        "caption": "",
        "display_order": 1,
        "date_created": "2017-07-10T16:10:03.723Z"
    }
},
{
    "model": "catalogue.productimage",
    "pk": 38,
    "fields": {
        "product": 25,
        "original": "images/products/2017/07/2001001_TxggSHp.jpg",
        "caption": "",
        "display_order": 1,
        "date_created": "2017-07-10T16:10:03.729Z"
    }
},
{
    "model": "catalogue.productimage",
    "pk": 39,
    "fields": {
        "product": 6,
        "original": "images/products/2017/07/1001006.jpg",
        "caption": "",
        "display_order": 0,
        "date_created": "2017-07-10T16:10:03.736Z"
    }
},
{
    "model": "catalogue.productimage",
    "pk": 40,
    "fields": {
        "product": 11,
        "original": "images/products/2017/07/1001011_ZjW8nUn.jpg",
        "caption": "",
        "display_order": 1,
        "date_created": "2017-07-10T16:10:03.743Z"
    }
},
{
    "model": "catalogue.productimage",
    "pk": 41,
    "fields": {
        "product": 23,
        "original": "images/products/2017/07/1001023_maJKY3C.jpg",
        "caption": "",
        "display_order": 1,
        "date_created": "2017-07-10T16:10:03.750Z"
    }
},
{
    "model": "catalogue.productimage",
    "pk": 42,
    "fields": {
        "product": 27,
        "original": "images/products/2017/07/3002001_cXpDcHB.jpg",
        "caption": "",
        "display_order": 1,
        "date_created": "2017-07-10T16:10:03.755Z"
    }
},
{
    "model": "catalogue.productimage",
    "pk": 43,
    "fields": {
        "product": 7,
        "original": "images/products/2017/07/1001007_eYlUbFB.jpg",
        "caption": "",
        "display_order": 1,
        "date_created": "2017-07-10T16:10:03.761Z"
    }
},
{
    "model": "catalogue.productimage",
    "pk": 44,
    "fields": {
        "product": 20,
        "original": "images/products/2017/07/1001020_kXLCDxX.jpg",
        "caption": "",
        "display_order": 1,
        "date_created": "2017-07-10T16:10:03.768Z"
    }
},
{
    "model": "catalogue.productimage",
    "pk": 45,
    "fields": {
        "product": 22,
        "original": "images/products/2017/07/1001022_qQsG8zC.jpg",
        "caption": "",
        "display_order": 1,
        "date_created": "2017-07-10T16:10:03.775Z"
    }
},
{
    "model": "catalogue.productimage",
    "pk": 46,
    "fields": {
        "product": 10,
        "original": "images/products/2017/07/1001010_9EWG6zB.jpg",
        "caption": "",
        "display_order": 1,
        "date_created": "2017-07-10T16:10:03.781Z"
    }
}
]
