[
{
    "model": "catalogue.productclass",
    "pk": 1,
    "fields": {
        "name": "Day Menu",
        "slug": "day-menu",
        "requires_shipping": true,
        "track_stock": true,
        "options": []
    }
},
{
    "model": "catalogue.productclass",
    "pk": 2,
    "fields": {
        "name": "Party Serving",
        "slug": "party-serving",
        "requires_shipping": true,
        "track_stock": true,
        "options": []
    }
},
{
    "model": "catalogue.productclass",
    "pk": 3,
    "fields": {
        "name": "Packaged Food",
        "slug": "packaged-food",
        "requires_shipping": true,
        "track_stock": true,
        "options": []
    }
},
{
    "model": "catalogue.category",
    "pk": 1,
    "fields": {
        "path": "0001",
        "depth": 1,
        "numchild": 0,
        "name": "Day Menu",
        "description": "",
        "image": "",
        "slug": "day-menu"
    }
},
{
    "model": "catalogue.category",
    "pk": 2,
    "fields": {
        "path": "0002",
        "depth": 1,
        "numchild": 0,
        "name": "Party Serving",
        "description": "",
        "image": "",
        "slug": "party-serving"
    }
},
{
    "model": "catalogue.category",
    "pk": 3,
    "fields": {
        "path": "0003",
        "depth": 1,
        "numchild": 0,
        "name": "Packaged Food",
        "description": "",
        "image": "",
        "slug": "packaged-food"
    }
},
{
    "model": "catalogue.productcategory",
    "pk": 1,
    "fields": {
        "product": 1,
        "category": 1
    }
},
{
    "model": "catalogue.productcategory",
    "pk": 2,
    "fields": {
        "product": 2,
        "category": 1
    }
},
{
    "model": "catalogue.productcategory",
    "pk": 3,
    "fields": {
        "product": 3,
        "category": 1
    }
},
{
    "model": "catalogue.productcategory",
    "pk": 4,
    "fields": {
        "product": 4,
        "category": 1
    }
},
{
    "model": "catalogue.productcategory",
    "pk": 5,
    "fields": {
        "product": 5,
        "category": 1
    }
},
{
    "model": "catalogue.productcategory",
    "pk": 6,
    "fields": {
        "product": 6,
        "category": 1
    }
},
{
    "model": "catalogue.productcategory",
    "pk": 7,
    "fields": {
        "product": 7,
        "category": 1
    }
},
{
    "model": "catalogue.productcategory",
    "pk": 8,
    "fields": {
        "product": 8,
        "category": 2
    }
},
{
    "model": "catalogue.productcategory",
    "pk": 9,
    "fields": {
        "product": 9,
        "category": 1
    }
},
{
    "model": "catalogue.productcategory",
    "pk": 10,
    "fields": {
        "product": 10,
        "category": 1
    }
},
{
    "model": "catalogue.productcategory",
    "pk": 11,
    "fields": {
        "product": 11,
        "category": 1
    }
},
{
    "model": "catalogue.productcategory",
    "pk": 12,
    "fields": {
        "product": 12,
        "category": 1
    }
},
{
    "model": "catalogue.productcategory",
    "pk": 13,
    "fields": {
        "product": 13,
        "category": 1
    }
},
{
    "model": "catalogue.productcategory",
    "pk": 14,
    "fields": {
        "product": 14,
        "category": 1
    }
},
{
    "model": "catalogue.productcategory",
    "pk": 15,
    "fields": {
        "product": 15,
        "category": 1
    }
},
{
    "model": "catalogue.productcategory",
    "pk": 16,
    "fields": {
        "product": 16,
        "category": 1
    }
},
{
    "model": "catalogue.productcategory",
    "pk": 17,
    "fields": {
        "product": 17,
        "category": 1
    }
},
{
    "model": "catalogue.productcategory",
    "pk": 18,
    "fields": {
        "product": 18,
        "category": 1
    }
},
{
    "model": "catalogue.productcategory",
    "pk": 19,
    "fields": {
        "product": 19,
        "category": 1
    }
},
{
    "model": "catalogue.productcategory",
    "pk": 20,
    "fields": {
        "product": 20,
        "category": 1
    }
},
{
    "model": "catalogue.productcategory",
    "pk": 21,
    "fields": {
        "product": 21,
        "category": 1
    }
},
{
    "model": "catalogue.productcategory",
    "pk": 22,
    "fields": {
        "product": 22,
        "category": 1
    }
},
{
    "model": "catalogue.productcategory",
    "pk": 23,
    "fields": {
        "product": 23,
        "category": 1
    }
},
{
    "model": "catalogue.productcategory",
    "pk": 24,
    "fields": {
        "product": 24,
        "category": 1
    }
},
{
    "model": "catalogue.productcategory",
    "pk": 25,
    "fields": {
        "product": 25,
        "category": 2
    }
},
{
    "model": "catalogue.productcategory",
    "pk": 26,
    "fields": {
        "product": 26,
        "category": 2
    }
},
{
    "model": "catalogue.productcategory",
    "pk": 27,
    "fields": {
        "product": 27,
        "category": 3
    }
},
{
    "model": "catalogue.productcategory",
    "pk": 28,
    "fields": {
        "product": 8,
        "category": 1
    }
},
{
    "model": "catalogue.productcategory",
    "pk": 29,
    "fields": {
        "product": 46,
        "category": 1
    }
},
{
    "model": "catalogue.productcategory",
    "pk": 30,
    "fields": {
        "product": 50,
        "category": 2
    }
},
{
    "model": "catalogue.productcategory",
    "pk": 31,
    "fields": {
        "product": 52,
        "category": 3
    }
},
{
    "model": "catalogue.productcategory",
    "pk": 32,
    "fields": {
        "product": 56,
        "category": 2
    }
},
{
    "model": "catalogue.product",
    "pk": 1,
    "fields": {
        "structure": "standalone",
        "upc": "1001001",
        "parent": null,
        "title": "Chao Shou \u6284\u624b",
        "slug": "chao-shou-chao-shou",
        "description": "<p style=\"font-family: 'Comic Sans MS'; font-size: 120%;\">Fried Sichuan dumplings filled with meat or vegetables</p>",
        "product_class": 1,
        "rating": null,
        "date_created": "2017-07-10T16:09:57Z",
        "date_updated": "2017-07-11T14:08:09.950Z",
        "is_discountable": true,
        "product_options": []
    }
},
{
    "model": "catalogue.product",
    "pk": 2,
    "fields": {
        "structure": "standalone",
        "upc": "1001002",
        "parent": null,
        "title": "Seafood Porridge \u6d77\u9c9c\u7ca5",
        "slug": "seafood-porridge-hai-xian-zhou",
        "description": "<p style=\"font-family: 'Comic Sans MS'; font-size: 120%;\">Tasty rice porridge with mixed seafood and vegetables</p>",
        "product_class": 1,
        "rating": null,
        "date_created": "2017-07-10T16:09:57.127Z",
        "date_updated": "2017-07-11T14:08:10.020Z",
        "is_discountable": true,
        "product_options": []
    }
},
{
    "model": "catalogue.product",
    "pk": 3,
    "fields": {
        "structure": "standalone",
        "upc": "1001003",
        "parent": null,
        "title": "Silver Wood Ear Soup \u94f6\u8033\u6c64",
        "slug": "silver-wood-ear-soup-yin-er-tang",
        "description": "<p style=\"font-family: 'Comic Sans MS'; font-size: 120%;\">A healthy and light Chinese style soup made from wood ear fungus</p>",
        "product_class": 1,
        "rating": null,
        "date_created": "2017-07-10T16:09:57.180Z",
        "date_updated": "2017-07-11T14:08:10.041Z",
        "is_discountable": true,
        "product_options": []
    }
},
{
    "model": "catalogue.product",
    "pk": 4,
    "fields": {
        "structure": "standalone",
        "upc": "1001004",
        "parent": null,
        "title": "Liang Mian \u51c9\u9762",
        "slug": "liang-mian-liang-mian",
        "description": "",
        "product_class": 1,
        "rating": null,
        "date_created": "2017-07-10T16:09:57.211Z",
        "date_updated": "2017-07-11T14:08:10.062Z",
        "is_discountable": true,
        "product_options": []
    }
},
{
    "model": "catalogue.product",
    "pk": 5,
    "fields": {
        "structure": "standalone",
        "upc": "1001005",
        "parent": null,
        "title": "Baozi \u5305\u5b50",
        "slug": "baozi-bao-zi",
        "description": "<p style=\"font-family: 'Comic Sans MS'; font-size: 120%;\">Home made traditional Chinese rice buns stuffed with vegetables and meat</p>",
        "product_class": 1,
        "rating": null,
        "date_created": "2017-07-10T16:09:57.235Z",
        "date_updated": "2017-07-11T14:08:10.082Z",
        "is_discountable": true,
        "product_options": []
    }
},
{
    "model": "catalogue.product",
    "pk": 6,
    "fields": {
        "structure": "standalone",
        "upc": "1001006",
        "parent": null,
        "title": "Char Siu Rice \u53c9\u70e7\u996d",
        "slug": "char-siu-rice-cha-shao-fan",
        "description": "<p style=\"font-family: 'Comic Sans MS'; font-size: 120%;\">Cantonese style roasted pork with sweet barbecue sauce served together with rice</p>",
        "product_class": 1,
        "rating": null,
        "date_created": "2017-07-10T16:09:57.262Z",
        "date_updated": "2017-07-11T14:08:10.103Z",
        "is_discountable": true,
        "product_options": []
    }
},
{
    "model": "catalogue.product",
    "pk": 7,
    "fields": {
        "structure": "standalone",
        "upc": "1001007",
        "parent": null,
        "title": "Chongqing Beef Noodles \u91cd\u5e86\u725b\u8089\u9762",
        "slug": "chongqing-beef-noodles-zhong-qing-niu-rou-mian",
        "description": "<p style=\"font-family: 'Comic Sans MS'; font-size: 120%;\">Spicy chili and pepper soup with noodles and beef from Panda Annie's hometown of Chongqing</p>",
        "product_class": 1,
        "rating": null,
        "date_created": "2017-07-10T16:09:57.285Z",
        "date_updated": "2017-07-11T14:08:10.123Z",
        "is_discountable": true,
        "product_options": []
    }
},
{
    "model": "catalogue.product",
    "pk": 8,
    "fields": {
        "structure": "parent",
        "upc": "1001008",
        "parent": null,
        "title": "Takoyaki \u7ae0\u9c7c\u70e7",
        "slug": "takoyaki-zhang-yu-shao",
        "description": "<p><span style=\"font-size: 18pt; color: #339966;\">Main Ingredients</span></p>\r\n<table style=\"width: 225px;\">\r\n<tbody>\r\n<tr style=\"height: 18px;\">\r\n<td style=\"width: 217px; border-color: #030000; height: 18px;\">Wheat flour based</td>\r\n</tr>\r\n<tr style=\"height: 18px;\">\r\n<td style=\"width: 217px; border-color: #030000; height: 18px;\">Sea food(e.g. octopus)</td>\r\n</tr>\r\n<tr style=\"height: 18px;\">\r\n<td style=\"width: 217px; border-color: #030000; height: 18px;\">Dry fish slice</td>\r\n</tr>\r\n</tbody>\r\n</table>\r\n<p>\u00a0</p>\r\n<p><span style=\"font-size: 18pt; color: #339966;\">Flavor</span></p>\r\n<table style=\"width: 181px;\">\r\n<tbody>\r\n<tr>\r\n<td style=\"width: 51px; border-color: #030000;\">Soft</td>\r\n<td style=\"width: 120px; border-color: #030000;\">5/5</td>\r\n</tr>\r\n</tbody>\r\n</table>\r\n<p>\u00a0</p>\r\n<p><span style=\"font-size: 18pt; color: #339966;\">Origin and Story</span></p>\r\n<p>A japanese cuisin but very popular in China. Eating it right after cooking is the best way to experience the taste. Here is an introduction from wiki:</p>\r\n<p><a title=\"takoyaki\" href=\"https://en.wikipedia.org/wiki/Takoyaki\" target=\"_blank\" rel=\"noopener\">Click to view takoyaki wiki</a></p>\r\n<p>\u00a0</p>\r\n<p>\u00a0</p>",
        "product_class": 1,
        "rating": null,
        "date_created": "2017-07-10T16:09:57.309Z",
        "date_updated": "2017-07-11T14:15:19.551Z",
        "is_discountable": true,
        "product_options": []
    }
},
{
    "model": "catalogue.product",
    "pk": 9,
    "fields": {
        "structure": "standalone",
        "upc": "1001009",
        "parent": null,
        "title": "Spring Roll \u8d8a\u5357\u6625\u5377",
        "slug": "spring-roll-yue-nan-chun-juan",
        "description": "<p style=\"font-family: 'Comic Sans MS'; font-size: 120%;\">Vietnamese style vegetable and seafood rolls with rice noodles</p>",
        "product_class": 1,
        "rating": null,
        "date_created": "2017-07-10T16:09:57.330Z",
        "date_updated": "2017-07-11T14:08:10.163Z",
        "is_discountable": true,
        "product_options": []
    }
},
{
    "model": "catalogue.product",
    "pk": 10,
    "fields": {
        "structure": "standalone",
        "upc": "1001010",
        "parent": null,
        "title": "Sushi \u5bff\u53f8",
        "slug": "sushi-shou-si",
        "description": "<p style=\"font-family: 'Comic Sans MS'; font-size: 120%;\">Japanese style dish of raw seafood with vinegared-rice wrapped in Nori (seaweed)</p>",
        "product_class": 1,
        "rating": null,
        "date_created": "2017-07-10T16:09:57.350Z",
        "date_updated": "2017-07-11T14:08:10.184Z",
        "is_discountable": true,
        "product_options": []
    }
},
{
    "model": "catalogue.product",
    "pk": 11,
    "fields": {
        "structure": "standalone",
        "upc": "1001011",
        "parent": null,
        "title": "Bibimbap \u77f3\u9505\u62cc\u996d",
        "slug": "bibimbap-shi-guo-ban-fan",
        "description": "<p style=\"font-family: 'Comic Sans MS'; font-size: 120%;\">Korean style mixed rice with vegetables and meat served with spicy chili sauce and topped with fried egg</p>",
        "product_class": 1,
        "rating": null,
        "date_created": "2017-07-10T16:09:57.377Z",
        "date_updated": "2017-07-11T14:08:10.204Z",
        "is_discountable": true,
        "product_options": []
    }
},
{
    "model": "catalogue.product",
    "pk": 12,
    "fields": {
        "structure": "standalone",
        "upc": "1001012",
        "parent": null,
        "title": "Scallop w/ Vermicelli \u849c\u84c9\u7c89\u4e1d\u6247\u8d1d",
        "slug": "scallop-w-vermicelli-suan-rong-fen-si-shan-bei",
        "description": "<p style=\"font-family: 'Comic Sans MS'; font-size: 120%;\">Thin rice noodles topped with scallops, garlic and soy sauce</p>",
        "product_class": 1,
        "rating": null,
        "date_created": "2017-07-10T16:09:57.403Z",
        "date_updated": "2017-07-11T14:08:10.224Z",
        "is_discountable": true,
        "product_options": []
    }
},
{
    "model": "catalogue.product",
    "pk": 13,
    "fields": {
        "structure": "standalone",
        "upc": "1001013",
        "parent": null,
        "title": "Tom Yum Noodles \u51ac\u9634\u529f\u6c64\u9762",
        "slug": "tom-yum-noodles-dong-yin-gong-tang-mian",
        "description": "<p style=\"font-family: 'Comic Sans MS'; font-size: 120%;\">Rice noodles and seafood soup with traditional Thai Tom Yum sauce</p>",
        "product_class": 1,
        "rating": null,
        "date_created": "2017-07-10T16:09:57.427Z",
        "date_updated": "2017-07-11T14:08:10.244Z",
        "is_discountable": true,
        "product_options": []
    }
},
{
    "model": "catalogue.product",
    "pk": 14,
    "fields": {
        "structure": "standalone",
        "upc": "1001014",
        "parent": null,
        "title": "Claypot Tofu \u7802\u9505\u8c46\u8150",
        "slug": "claypot-tofu-sha-guo-dou-fu",
        "description": "<p style=\"font-family: 'Comic Sans MS'; font-size: 120%;\">Tofu and rice noodles with mixed vegetables cooked in an earthen pot</p>",
        "product_class": 1,
        "rating": null,
        "date_created": "2017-07-10T16:09:57.459Z",
        "date_updated": "2017-07-11T14:08:10.264Z",
        "is_discountable": true,
        "product_options": []
    }
},
{
    "model": "catalogue.product",
    "pk": 15,
    "fields": {
        "structure": "standalone",
        "upc": "1001015",
        "parent": null,
        "title": "Braised Pork Rice \u53f0\u6e7e\u5364\u8089\u996d",
        "slug": "braised-pork-rice-tai-wan-lu-rou-fan",
        "description": "<p style=\"font-family: 'Comic Sans MS'; font-size: 120%;\">Classic Taiwanese dish of pork slowly cooked in a flavorful broth of soy sauce, wine and spices</p>",
        "product_class": 1,
        "rating": null,
        "date_created": "2017-07-10T16:09:57.480Z",
        "date_updated": "2017-07-11T14:08:10.284Z",
        "is_discountable": true,
        "product_options": []
    }
},
{
    "model": "catalogue.product",
    "pk": 16,
    "fields": {
        "structure": "standalone",
        "upc": "1001016",
        "parent": null,
        "title": "Steamed Rice w/ Bacon \u814a\u8089\u996d",
        "slug": "steamed-rice-w-bacon-la-rou-fan",
        "description": "<p style=\"font-family: 'Comic Sans MS'; font-size: 120%;\">Chinese steamed rice dish with green beans and bacon</p>",
        "product_class": 1,
        "rating": null,
        "date_created": "2017-07-10T16:09:57.514Z",
        "date_updated": "2017-07-11T14:08:10.304Z",
        "is_discountable": true,
        "product_options": []
    }
},
{
    "model": "catalogue.product",
    "pk": 17,
    "fields": {
        "structure": "standalone",
        "upc": "1001017",
        "parent": null,
        "title": "Shredded Pork w/ Hot Garlic Sauce \u9c7c\u9999\u8089\u4e1d",
        "slug": "shredded-pork-w-hot-garlic-sauce-yu-xiang-rou-si",
        "description": "<p style=\"font-family: 'Comic Sans MS'; font-size: 120%;\">Famous Sichuan dish of shredded pork in a spicy sauce made from Sichuan peppers, soy sauce and vinegar</p>",
        "product_class": 1,
        "rating": null,
        "date_created": "2017-07-10T16:09:57.536Z",
        "date_updated": "2017-07-11T14:08:10.324Z",
        "is_discountable": true,
        "product_options": []
    }
},
{
    "model": "catalogue.product",
    "pk": 18,
    "fields": {
        "structure": "standalone",
        "upc": "1001018",
        "parent": null,
        "title": "Kung Pao Chicken \u5bab\u4fdd\u9e21\u4e01",
        "slug": "kung-pao-chicken-gong-bao-ji-ding",
        "description": "<p style=\"font-family: 'Comic Sans MS'; font-size: 120%;\">Famous Chinese dish of stir-fried chicken cubes with peanuts, vegetables and chili sauce</p>",
        "product_class": 1,
        "rating": null,
        "date_created": "2017-07-10T16:09:57.560Z",
        "date_updated": "2017-07-11T14:08:10.344Z",
        "is_discountable": true,
        "product_options": []
    }
},
{
    "model": "catalogue.product",
    "pk": 19,
    "fields": {
        "structure": "standalone",
        "upc": "1001019",
        "parent": null,
        "title": "Potato Salad \u571f\u8c46\u6c99\u62c9",
        "slug": "potato-salad-tu-dou-sha-la",
        "description": "<p style=\"font-family: 'Comic Sans MS'; font-size: 120%;\">Healthy salad made with potatoes and vegetables</p>",
        "product_class": 1,
        "rating": null,
        "date_created": "2017-07-10T16:09:57.586Z",
        "date_updated": "2017-07-11T14:08:10.364Z",
        "is_discountable": true,
        "product_options": []
    }
},
{
    "model": "catalogue.product",
    "pk": 20,
    "fields": {
        "structure": "standalone",
        "upc": "1001020",
        "parent": null,
        "title": "Stir-fried Tomato and Egg \u897f\u7ea2\u67ff\u7092\u9e21\u86cb",
        "slug": "stir-fried-tomato-and-egg-xi-hong-shi-chao-ji-dan",
        "description": "<p style=\"font-family: 'Comic Sans MS'; font-size: 120%;\">Classic Chinese dish of tomatoes and eggs stir-fried with onions</p>",
        "product_class": 1,
        "rating": null,
        "date_created": "2017-07-10T16:09:57.611Z",
        "date_updated": "2017-07-11T14:08:10.384Z",
        "is_discountable": true,
        "product_options": []
    }
},
{
    "model": "catalogue.product",
    "pk": 21,
    "fields": {
        "structure": "standalone",
        "upc": "1001021",
        "parent": null,
        "title": "Cream of Mushroom Soup \u5976\u6cb9\u8611\u83c7\u6c64",
        "slug": "cream-of-mushroom-soup-nai-you-mo-gu-tang",
        "description": "<p style=\"font-family: 'Comic Sans MS'; font-size: 120%;\">Comforting and filing home made soup with mushroom and cream</p>",
        "product_class": 1,
        "rating": null,
        "date_created": "2017-07-10T16:09:57.633Z",
        "date_updated": "2017-07-11T14:08:10.403Z",
        "is_discountable": true,
        "product_options": []
    }
},
{
    "model": "catalogue.product",
    "pk": 22,
    "fields": {
        "structure": "standalone",
        "upc": "1001022",
        "parent": null,
        "title": "Spaghetti w/ Garlic Tomato Sauce \u610f\u5927\u5229\u9762",
        "slug": "spaghetti-w-garlic-tomato-sauce-yi-da-li-mian",
        "description": "<p style=\"font-family: 'Comic Sans MS'; font-size: 120%;\">Spaghetti served with Panda Annie's special garlic tomato sauce</p>",
        "product_class": 1,
        "rating": null,
        "date_created": "2017-07-10T16:09:57.654Z",
        "date_updated": "2017-07-11T14:08:10.423Z",
        "is_discountable": true,
        "product_options": []
    }
},
{
    "model": "catalogue.product",
    "pk": 23,
    "fields": {
        "structure": "parent",
        "upc": "1001023",
        "parent": null,
        "title": "Cold Skin Noodles \u51c9\u76ae",
        "slug": "cold-skin-noodles-liang-pi",
        "description": "<p><span style=\"font-size: 18pt; color: #339966;\">Main Ingredients</span></p>\r\n<table style=\"width: 128px;\">\r\n<tbody>\r\n<tr>\r\n<td style=\"width: 118px; border-color: #030000;\">Wheat/Rice flour</td>\r\n</tr>\r\n<tr>\r\n<td style=\"width: 118px; border-color: #030000;\">Cucumber</td>\r\n</tr>\r\n<tr>\r\n<td style=\"width: 118px; border-color: #030000;\">Peanut</td>\r\n</tr>\r\n<tr>\r\n<td style=\"width: 118px; border-color: #030000;\">Garlic</td>\r\n</tr>\r\n</tbody>\r\n</table>\r\n<p>\u00a0</p>\r\n<p><span style=\"font-size: 18pt; color: #339966;\">Flavor</span></p>\r\n<table style=\"width: 181px;\">\r\n<tbody>\r\n<tr>\r\n<td style=\"width: 51px; border-color: #030000;\">Sour\u00a0</td>\r\n<td style=\"width: 120px; border-color: #030000;\">1/5</td>\r\n</tr>\r\n<tr>\r\n<td style=\"width: 51px; border-color: #030000;\">Spicy</td>\r\n<td style=\"width: 120px; border-color: #030000;\">0/5 \u00a0or \u00a04/5</td>\r\n</tr>\r\n</tbody>\r\n</table>\r\n<p>\u00a0</p>\r\n<p><span style=\"font-size: 18pt; color: #339966;\">Origin and Story</span></p>\r\n<p>A most well-known dish in China. Here is an introduction from wiki:</p>\r\n<p>\u00a0</p>\r\n<p><a title=\"liangpi\" href=\"https://en.wikipedia.org/wiki/Liangpi\" target=\"_blank\" rel=\"noopener\">Click to view liangpi wiki</a></p>",
        "product_class": 1,
        "rating": null,
        "date_created": "2017-07-10T16:09:57.675Z",
        "date_updated": "2017-07-11T15:00:08.183Z",
        "is_discountable": true,
        "product_options": []
    }
},
{
    "model": "catalogue.product",
    "pk": 24,
    "fields": {
        "structure": "standalone",
        "upc": "1001024",
        "parent": null,
        "title": "Lettuce w/ Oyster Sauce \u869d\u6cb9\u751f\u83dc",
        "slug": "lettuce-w-oyster-sauce-ci-you-sheng-cai",
        "description": "<p style=\"font-family: 'Comic Sans MS'; font-size: 120%;\">Stir-fried lettuce with oyster sauce and ginger </p>",
        "product_class": 1,
        "rating": null,
        "date_created": "2017-07-10T16:09:57.698Z",
        "date_updated": "2017-07-11T14:08:10.464Z",
        "is_discountable": true,
        "product_options": []
    }
},
{
    "model": "catalogue.product",
    "pk": 25,
    "fields": {
        "structure": "parent",
        "upc": "2001001",
        "parent": null,
        "title": "Roast Fish \u70e4\u9c7c",
        "slug": "roast-fish-kao-yu",
        "description": "<p>Good for 4 people. Roast fish is served with a pot that will cook with fire. You can choose different type of fish and vegitable. Price varies accordingly.</p>\r\n<p>Please contact me if more people will be included.(Mail address in home page)</p>\r\n<p>\u00a0</p>\r\n<p><span style=\"font-size: 18pt; color: #339966;\">Main Ingredients</span></p>\r\n<table style=\"width: 225px;\">\r\n<tbody>\r\n<tr style=\"height: 18px;\">\r\n<td style=\"width: 217px; border-color: #030000; height: 18px;\">Fish</td>\r\n</tr>\r\n<tr style=\"height: 18px;\">\r\n<td style=\"width: 217px; border-color: #030000; height: 18px;\">Vegitables(Potato, lettuce, etc)</td>\r\n</tr>\r\n</tbody>\r\n</table>\r\n<p>\u00a0</p>\r\n<p><span style=\"font-size: 18pt; color: #339966;\">Origin and Story</span></p>\r\n<p>Roast fish is originally from Chongqing, China, which is also my hometown. Chongqing is very rish in fishes so we have large variety of fish dishes. Roast fish is one of the most famous party serving, no matter in winter or summer.</p>\r\n<p>Fish will be gilled first then braised\u00a0 in a soupe together with all types of fresh vegitables. \u00a0The flavor of fish goes into soupe, then into vegitables, which taste very fantastic. It is also my husband favorite dish back in China. You should not miss it.</p>\r\n<p>Here is a guide of trying out roast fish in Beijing( if you have a plan to travel there):</p>\r\n<p style=\"font-family: 'Comic Sans MS'; font-size: 120%;\">\u00a0</p>\r\n<p><a title=\"Roast Fish\" href=\"http://www.timeoutbeijing.com/features/Food__Drink-Food_Features/37355/The-Time-Out-guide-to-Kaoyu.html\" target=\"_blank\" rel=\"noopener\">Try Roast Fish in Beijing</a>\u00a0</p>",
        "product_class": 2,
        "rating": null,
        "date_created": "2017-07-10T16:09:57.723Z",
        "date_updated": "2017-07-12T10:24:56.296Z",
        "is_discountable": true,
        "product_options": []
    }
},
{
    "model": "catalogue.product",
    "pk": 26,
    "fields": {
        "structure": "parent",
        "upc": "2001002",
        "parent": null,
        "title": "Hotpot \u706b\u9505",
        "slug": "hotpot-huo-guo",
        "description": "<h3>3 Choices are offered:</h3>\r\n<h3>- Spicy boroth with Sichuan peppercorns</h3>\r\n<h3>- Non spicy milk-like broth \u00a0</h3>\r\n<h3>- yin yang combination of tongue-numbing spicy soup and milky broth.\u00a0</h3>\r\n<h3>\u00a0</h3>\r\n<h3>Meat, vegitable, dip sauce , rice/noodles will be provided.</h3>\r\n<p><span style=\"font-size: 18pt; color: #339966;\">Main Ingredients</span></p>\r\n<table style=\"width: 225px;\">\r\n<tbody>\r\n<tr style=\"height: 18px;\">\r\n<td style=\"width: 217px; border-color: #030000; height: 18px;\">Chicken/Beef soup</td>\r\n</tr>\r\n<tr style=\"height: 18px;\">\r\n<td style=\"width: 217px; border-color: #030000; height: 18px;\">Onlion</td>\r\n</tr>\r\n<tr style=\"height: 18px;\">\r\n<td style=\"width: 217px; border-color: #030000; height: 18px;\">Hotpot Spices from plantes</td>\r\n</tr>\r\n</tbody>\r\n</table>\r\n<p>\u00a0</p>\r\n<p><span style=\"font-size: 18pt; color: #339966;\">Flavor</span></p>\r\n<table style=\"width: 181px;\">\r\n<tbody>\r\n<tr>\r\n<td style=\"width: 51px; border-color: #030000;\">Spicy</td>\r\n<td style=\"width: 120px; border-color: #030000;\">0/5 \u00a0or \u00a04/5</td>\r\n</tr>\r\n</tbody>\r\n</table>\r\n<p>\u00a0</p>\r\n<p><span style=\"font-size: 18pt; color: #339966;\">Origin and Story</span></p>\r\n<p>A most well-known dish in China. Here is an introduction from wiki:</p>\r\n<p><a title=\"hotpot\" href=\"https://en.wikipedia.org/wiki/Hot_pot\" target=\"_blank\" rel=\"noopener\">Click to view hot pot wiki</a></p>\r\n<p>\u00a0</p>\r\n<p>\u00a0</p>",
        "product_class": 2,
        "rating": null,
        "date_created": "2017-07-10T16:09:57.747Z",
        "date_updated": "2017-07-19T15:34:34.582Z",
        "is_discountable": true,
        "product_options": []
    }
},
{
    "model": "catalogue.product",
    "pk": 27,
    "fields": {
        "structure": "parent",
        "upc": "3002001",
        "parent": null,
        "title": "Sausage \u9999\u80a0",
        "slug": "sausage-xiang-chang",
        "description": "<p style=\"font-family: 'Comic Sans MS'; font-size: 120%;\">Homemade Chinese style sausage. You can buy it nowhere but here.</p>\r\n<table style=\"width: 361px; height: 119px;\">\r\n<tbody>\r\n<tr>\r\n<td style=\"width: 104px;\">Type</td>\r\n<td style=\"width: 241px;\">Description</td>\r\n</tr>\r\n<tr>\r\n<td style=\"width: 104px;\">Non-spicy sausage</td>\r\n<td style=\"width: 241px;\">Cantonese style. A little sweet.\u00a0Air dried , not smoked.</td>\r\n</tr>\r\n<tr>\r\n<td style=\"width: 104px;\">\u00a0Spicy sausage</td>\r\n<td style=\"width: 241px;\">Sichuan style. A little numbing.\u00a0Air dried , not smoked.</td>\r\n</tr>\r\n</tbody>\r\n</table>\r\n<p style=\"font-family: 'Comic Sans MS'; font-size: 120%;\">One pack contains 3 sausages\u00a0</p>\r\n<p>\u00a0</p>\r\n<p>\u00a0</p>\r\n<p><span style=\"font-size: 18pt; color: #339966;\">Main Ingredients</span></p>\r\n<table style=\"width: 225px;\">\r\n<tbody>\r\n<tr style=\"height: 18px;\">\r\n<td style=\"width: 217px; border-color: #030000; height: 18px;\">Pork</td>\r\n</tr>\r\n</tbody>\r\n</table>\r\n<p>\u00a0</p>\r\n<p><span style=\"font-size: 18pt; color: #339966;\">Origin and Story</span></p>\r\n<p>There are different types of sausage in China and each has a long history and rich culture in it. Here is an introduction from wiki:</p>\r\n<p><a title=\"Chinese Sausage\" href=\"https://en.wikipedia.org/wiki/Chinese_sausage\" target=\"_blank\" rel=\"noopener\">Click to view Chinese Sausage wiki</a></p>\r\n<p style=\"font-family: 'Comic Sans MS'; font-size: 120%;\">\u00a0</p>\r\n<p>\u00a0</p>",
        "product_class": 3,
        "rating": null,
        "date_created": "2017-07-10T16:09:57.769Z",
        "date_updated": "2017-07-12T10:03:55.098Z",
        "is_discountable": true,
        "product_options": []
    }
},
{
    "model": "catalogue.product",
    "pk": 28,
    "fields": {
        "structure": "child",
        "upc": "100102301",
        "parent": 23,
        "title": "Liangpi Spicy with sesame sauce",
        "slug": "liangpi-spicy-with-sesame-sauce",
        "description": "",
        "product_class": null,
        "rating": null,
        "date_created": "2017-07-11T11:01:54.678Z",
        "date_updated": "2017-07-11T14:59:02.966Z",
        "is_discountable": true,
        "product_options": []
    }
},
{
    "model": "catalogue.product",
    "pk": 29,
    "fields": {
        "structure": "child",
        "upc": "100102302",
        "parent": 23,
        "title": "Liangpi Spicy without sesame sauce",
        "slug": "liangpi-spicy-without-sesame-sauce",
        "description": "",
        "product_class": null,
        "rating": null,
        "date_created": "2017-07-11T11:34:57.590Z",
        "date_updated": "2017-07-11T14:58:49.582Z",
        "is_discountable": true,
        "product_options": []
    }
},
{
    "model": "catalogue.product",
    "pk": 30,
    "fields": {
        "structure": "child",
        "upc": "100102303",
        "parent": 23,
        "title": "Liangpi Not spicy with sesame sauce ",
        "slug": "liangpi-not-spicy-with-sesame-sauce",
        "description": "",
        "product_class": null,
        "rating": null,
        "date_created": "2017-07-11T11:35:19.375Z",
        "date_updated": "2017-07-11T14:58:23.851Z",
        "is_discountable": true,
        "product_options": []
    }
},
{
    "model": "catalogue.product",
    "pk": 31,
    "fields": {
        "structure": "child",
        "upc": "100102304",
        "parent": 23,
        "title": "Liangpi Not spicy without sesame sauce",
        "slug": "liangpi-not-spicy-without-sesame-sauce",
        "description": "",
        "product_class": null,
        "rating": null,
        "date_created": "2017-07-11T11:35:44.302Z",
        "date_updated": "2017-07-11T14:58:18.198Z",
        "is_discountable": true,
        "product_options": []
    }
},
{
    "model": "catalogue.product",
    "pk": 33,
    "fields": {
        "structure": "child",
        "upc": "200100201",
        "parent": 26,
        "title": "Hotpot Spicy Sichuan Style",
        "slug": "hotpot-spicy-sichuan-style",
        "description": "",
        "product_class": null,
        "rating": null,
        "date_created": "2017-07-11T12:18:22.650Z",
        "date_updated": "2017-07-11T14:19:44.054Z",
        "is_discountable": true,
        "product_options": []
    }
},
{
    "model": "catalogue.product",
    "pk": 34,
    "fields": {
        "structure": "child",
        "upc": "200100202",
        "parent": 26,
        "title": "Hotpot Not Spicy Sichuan Style",
        "slug": "hotpot-not-spicy-sichuan-style",
        "description": "",
        "product_class": null,
        "rating": null,
        "date_created": "2017-07-11T12:19:25.056Z",
        "date_updated": "2017-07-11T14:19:07.877Z",
        "is_discountable": true,
        "product_options": []
    }
},
{
    "model": "catalogue.product",
    "pk": 35,
    "fields": {
        "structure": "child",
        "upc": "200100203",
        "parent": 26,
        "title": "Hotpot Spicy and not spicy",
        "slug": "hotpot-spicy-and-not-spicy",
        "description": "",
        "product_class": null,
        "rating": null,
        "date_created": "2017-07-11T12:20:50.497Z",
        "date_updated": "2017-07-11T14:18:27.948Z",
        "is_discountable": true,
        "product_options": []
    }
},
{
    "model": "catalogue.product",
    "pk": 38,
    "fields": {
        "structure": "child",
        "upc": "100100801",
        "parent": 8,
        "title": "Takoyaki With mayonnaise",
        "slug": "takoyaki-with-mayonnaise",
        "description": "",
        "product_class": null,
        "rating": null,
        "date_created": "2017-07-11T13:21:12.187Z",
        "date_updated": "2017-07-11T14:56:33.544Z",
        "is_discountable": true,
        "product_options": []
    }
},
{
    "model": "catalogue.product",
    "pk": 39,
    "fields": {
        "structure": "child",
        "upc": "100100802",
        "parent": 8,
        "title": "Takoyaki With ketchup",
        "slug": "takoyaki-with-ketchup",
        "description": "",
        "product_class": null,
        "rating": null,
        "date_created": "2017-07-11T13:21:52.551Z",
        "date_updated": "2017-07-11T14:54:05.674Z",
        "is_discountable": true,
        "product_options": []
    }
},
{
    "model": "catalogue.product",
    "pk": 40,
    "fields": {
        "structure": "child",
        "upc": "300200101",
        "parent": 27,
        "title": "Sausage Spicy",
        "slug": "sausage-spicy",
        "description": "",
        "product_class": null,
        "rating": null,
        "date_created": "2017-07-12T10:02:50.179Z",
        "date_updated": "2017-07-12T10:04:28.585Z",
        "is_discountable": true,
        "product_options": []
    }
},
{
    "model": "catalogue.product",
    "pk": 41,
    "fields": {
        "structure": "child",
        "upc": "300200102",
        "parent": 27,
        "title": "Sausage Not spicy",
        "slug": "sausage-not-spicy",
        "description": "",
        "product_class": null,
        "rating": null,
        "date_created": "2017-07-12T10:03:54.973Z",
        "date_updated": "2017-07-12T10:03:54.973Z",
        "is_discountable": true,
        "product_options": []
    }
},
{
    "model": "catalogue.product",
    "pk": 42,
    "fields": {
        "structure": "child",
        "upc": "200100101",
        "parent": 25,
        "title": "Roastfish Spicy chili flavor",
        "slug": "roastfish-spicy-chili-flavor",
        "description": "",
        "product_class": null,
        "rating": null,
        "date_created": "2017-07-12T10:20:39.695Z",
        "date_updated": "2017-07-12T10:20:39.695Z",
        "is_discountable": true,
        "product_options": []
    }
},
{
    "model": "catalogue.product",
    "pk": 43,
    "fields": {
        "structure": "child",
        "upc": "200100102",
        "parent": 25,
        "title": "Roastfish Sour vegetable flavor",
        "slug": "roastfish-sour-vegetable-flavor",
        "description": "",
        "product_class": null,
        "rating": null,
        "date_created": "2017-07-12T10:21:50.074Z",
        "date_updated": "2017-07-12T10:21:50.074Z",
        "is_discountable": true,
        "product_options": []
    }
},
{
    "model": "catalogue.product",
    "pk": 44,
    "fields": {
        "structure": "child",
        "upc": "200100103",
        "parent": 25,
        "title": "Roastfish Light Garlic flavor",
        "slug": "roastfish-light-garlic-flavor",
        "description": "",
        "product_class": null,
        "rating": null,
        "date_created": "2017-07-12T10:23:19.402Z",
        "date_updated": "2017-07-12T10:23:19.403Z",
        "is_discountable": true,
        "product_options": []
    }
},
{
    "model": "catalogue.product",
    "pk": 46,
    "fields": {
        "structure": "parent",
        "upc": "1001025",
        "parent": null,
        "title": "Braised Chicken / \u9ec4\u7116\u9e21(Huang Men Ji)",
        "slug": "braised-chicken-huang-men-ji-huang-men-ji",
        "description": "<p>Free Rice will be offered!</p>\r\n<p>Note: Chicken bone will be removed before cookin, \u00a0to better suit French dining habit.</p>\r\n<p><span style=\"font-size: 18pt; color: #339966;\">Main Ingredients</span></p>\r\n<table style=\"width: 128px;\">\r\n<tbody>\r\n<tr>\r\n<td style=\"width: 118px; border-color: #030000;\">Chicken\u00a0</td>\r\n</tr>\r\n<tr>\r\n<td style=\"width: 118px; border-color: #030000;\">Bell pepper</td>\r\n</tr>\r\n<tr>\r\n<td style=\"width: 118px; border-color: #030000;\">Soy sauce</td>\r\n</tr>\r\n<tr>\r\n<td style=\"width: 118px; border-color: #030000;\">Oyster sauce</td>\r\n</tr>\r\n</tbody>\r\n</table>\r\n<p>\u00a0</p>\r\n<p>\u00a0</p>\r\n<p><span style=\"font-size: 18pt; color: #339966;\">Origin and Story</span></p>\r\n<p>This is the dish I can eat everyday for one whole month! \u00a0In Beijing, there must be one restaurant who is selling and only selling this dish, every 2 kilometers!</p>\r\n<p>\u00a0It is originally from Shandong Province, which is located east of China. The attractive feature about this dish is that, chicken leg becomes even softer and super tasty. \u00a0The combination of pepper , oyster oil and soy sauce flavor will keep asking you for a second taste.</p>\r\n<p>There is a wiki about this dish: ( Sorry, it's in Chinese. If anybody finds an English version, please kindly tell me)</p>\r\n<p><a title=\"Huangmenji\" href=\"https://baike.baidu.com/item/%E9%BB%84%E7%84%96%E9%B8%A1\" target=\"_blank\" rel=\"noopener\">Click to view Braised Chicken wiki</a></p>\r\n<p>\u00a0</p>",
        "product_class": 1,
        "rating": null,
        "date_created": "2017-07-19T09:04:21.590Z",
        "date_updated": "2017-07-19T09:07:39.846Z",
        "is_discountable": true,
        "product_options": []
    }
},
{
    "model": "catalogue.product",
    "pk": 47,
    "fields": {
        "structure": "child",
        "upc": "100102501",
        "parent": 46,
        "title": "Braised Chicken Spicy",
        "slug": "braised-chicken-spicy",
        "description": "",
        "product_class": null,
        "rating": null,
        "date_created": "2017-07-19T09:06:59.152Z",
        "date_updated": "2017-07-19T12:53:34.440Z",
        "is_discountable": true,
        "product_options": []
    }
},
{
    "model": "catalogue.product",
    "pk": 48,
    "fields": {
        "structure": "child",
        "upc": "100102502",
        "parent": 46,
        "title": "Braised Chicken Not Spicy",
        "slug": "braised-chicken-not-spicy",
        "description": "",
        "product_class": null,
        "rating": null,
        "date_created": "2017-07-19T09:07:39.716Z",
        "date_updated": "2017-07-19T12:53:08.337Z",
        "is_discountable": true,
        "product_options": []
    }
},
{
    "model": "catalogue.product",
    "pk": 50,
    "fields": {
        "structure": "standalone",
        "upc": "2001004",
        "parent": null,
        "title": "Oolong Tea",
        "slug": "oolong-tea",
        "description": "<h3><strong>Note: This tea is served only as a gift for ordering a main dish.</strong></h3>\r\n<p><span style=\"font-size: 18pt; color: #339966;\">Origin and Story</span></p>\r\n<p>\u00a0</p>\r\n<p>This tea came together with me from China. Immigrated tea? Anyway, please check wiki :</p>\r\n<p><a title=\"Oolong\" href=\"https://en.wikipedia.org/wiki/Oolong\" target=\"_blank\" rel=\"noopener\">Click to view Oolong Tea wiki</a></p>\r\n<p>\u00a0</p>",
        "product_class": 2,
        "rating": null,
        "date_created": "2017-07-19T13:06:26.479Z",
        "date_updated": "2017-07-19T15:25:59.876Z",
        "is_discountable": true,
        "product_options": []
    }
},
{
    "model": "catalogue.product",
    "pk": 52,
    "fields": {
        "structure": "parent",
        "upc": "3001002",
        "parent": null,
        "title": "Baozi/\u5305\u5b50",
        "slug": "baozibao-zi",
        "description": "<h3>Steamed pilow-soft buns filled with your choice of minced pork, egg, or vegetables.</h3>\r\n<h3>Homemade, and orignal.</h3>\r\n<p>\u00a0</p>\r\n<p><span style=\"font-size: 18pt; color: #339966;\">Main Ingredients</span></p>\r\n<table style=\"width: 128px;\">\r\n<tbody>\r\n<tr>\r\n<td style=\"width: 118px; border-color: #030000;\">Pork/Egg/Vege</td>\r\n</tr>\r\n<tr>\r\n<td style=\"width: 118px; border-color: #030000;\">Onion</td>\r\n</tr>\r\n<tr>\r\n<td style=\"width: 118px; border-color: #030000;\">Salt</td>\r\n</tr>\r\n<tr>\r\n<td style=\"width: 118px; border-color: #030000;\">\u00a0</td>\r\n</tr>\r\n</tbody>\r\n</table>\r\n<p>\u00a0</p>\r\n<p>\u00a0</p>\r\n<p><span style=\"font-size: 18pt; color: #339966;\">Origin and Story</span></p>\r\n<p>Baozi must be the most well-known dish in the world. The baozi we offered here is Sichuan Style.\u00a0</p>\r\n<p>Here is wiki for baozi general instroduction.</p>\r\n<p><a title=\"Baozi\" href=\"https://en.wikipedia.org/wiki/Baozi\" target=\"_blank\" rel=\"noopener\">Click to view Baozi wiki</a></p>\r\n<p>\u00a0</p>",
        "product_class": 3,
        "rating": null,
        "date_created": "2017-07-19T15:15:59.410Z",
        "date_updated": "2017-07-19T15:25:27.980Z",
        "is_discountable": true,
        "product_options": []
    }
},
{
    "model": "catalogue.product",
    "pk": 53,
    "fields": {
        "structure": "child",
        "upc": "300100201",
        "parent": 52,
        "title": "Baozi with pork filling",
        "slug": "baozi-with-pork-filling",
        "description": "",
        "product_class": null,
        "rating": null,
        "date_created": "2017-07-19T15:17:22.935Z",
        "date_updated": "2017-07-19T15:17:22.935Z",
        "is_discountable": true,
        "product_options": []
    }
},
{
    "model": "catalogue.product",
    "pk": 54,
    "fields": {
        "structure": "child",
        "upc": "300100202",
        "parent": 52,
        "title": "Baozi with egg filling",
        "slug": "baozi-with-egg-filling",
        "description": "",
        "product_class": null,
        "rating": null,
        "date_created": "2017-07-19T15:17:55.661Z",
        "date_updated": "2017-07-19T15:17:55.661Z",
        "is_discountable": true,
        "product_options": []
    }
},
{
    "model": "catalogue.product",
    "pk": 55,
    "fields": {
        "structure": "child",
        "upc": "300100203",
        "parent": 52,
        "title": "Baozi with vegetable filling",
        "slug": "baozi-with-vegetable-filling",
        "description": "",
        "product_class": null,
        "rating": null,
        "date_created": "2017-07-19T15:18:28.435Z",
        "date_updated": "2017-07-19T15:18:28.435Z",
        "is_discountable": true,
        "product_options": []
    }
},
{
    "model": "catalogue.product",
    "pk": 56,
    "fields": {
        "structure": "standalone",
        "upc": "4001002",
        "parent": null,
        "title": "Jasmin Tea/\u8309\u8389\u82b1\u8336",
        "slug": "jasmin-teamo-li-hua-cha",
        "description": "<p>Gift for orded dish</p>",
        "product_class": 2,
        "rating": null,
        "date_created": "2017-07-20T18:47:38.713Z",
        "date_updated": "2017-07-20T18:47:38.713Z",
        "is_discountable": true,
        "product_options": []
    }
},
{
    "model": "catalogue.productimage",
    "pk": 479,
    "fields": {
        "product": 2,
        "original": "images/products/2017/07/1001002.jpg",
        "caption": "",
        "display_order": 0,
        "date_created": "2017-07-19T16:56:31.872Z"
    }
},
{
    "model": "catalogue.productimage",
    "pk": 480,
    "fields": {
        "product": 26,
        "original": "images/products/2017/07/2001002.jpg",
        "caption": "",
        "display_order": 0,
        "date_created": "2017-07-19T16:56:31.886Z"
    }
},
{
    "model": "catalogue.productimage",
    "pk": 481,
    "fields": {
        "product": 50,
        "original": "images/products/2017/07/2001004.jpg",
        "caption": "",
        "display_order": 0,
        "date_created": "2017-07-19T16:56:31.901Z"
    }
},
{
    "model": "catalogue.productimage",
    "pk": 482,
    "fields": {
        "product": 24,
        "original": "images/products/2017/07/1001024.jpeg",
        "caption": "",
        "display_order": 20,
        "date_created": "2017-07-19T16:56:31.916Z"
    }
},
{
    "model": "catalogue.productimage",
    "pk": 483,
    "fields": {
        "product": 13,
        "original": "images/products/2017/07/1001013.jpg",
        "caption": "",
        "display_order": 10,
        "date_created": "2017-07-19T16:56:31.926Z"
    }
},
{
    "model": "catalogue.productimage",
    "pk": 484,
    "fields": {
        "product": 12,
        "original": "images/products/2017/07/1001012.jpg",
        "caption": "",
        "display_order": 0,
        "date_created": "2017-07-19T16:56:31.942Z"
    }
},
{
    "model": "catalogue.productimage",
    "pk": 485,
    "fields": {
        "product": 18,
        "original": "images/products/2017/07/1001018.jpg",
        "caption": "",
        "display_order": 0,
        "date_created": "2017-07-19T16:56:31.956Z"
    }
},
{
    "model": "catalogue.productimage",
    "pk": 486,
    "fields": {
        "product": 4,
        "original": "images/products/2017/07/1001004.jpg",
        "caption": "",
        "display_order": 0,
        "date_created": "2017-07-19T16:56:31.971Z"
    }
},
{
    "model": "catalogue.productimage",
    "pk": 487,
    "fields": {
        "product": 1,
        "original": "images/products/2017/07/1001001.jpg",
        "caption": "",
        "display_order": 0,
        "date_created": "2017-07-19T16:56:31.987Z"
    }
},
{
    "model": "catalogue.productimage",
    "pk": 488,
    "fields": {
        "product": 15,
        "original": "images/products/2017/07/1001015.jpg",
        "caption": "",
        "display_order": 0,
        "date_created": "2017-07-19T16:56:32.002Z"
    }
},
{
    "model": "catalogue.productimage",
    "pk": 489,
    "fields": {
        "product": 52,
        "original": "images/products/2017/07/3001002.jpg",
        "caption": "",
        "display_order": 0,
        "date_created": "2017-07-19T16:56:32.017Z"
    }
},
{
    "model": "catalogue.productimage",
    "pk": 490,
    "fields": {
        "product": 46,
        "original": "images/products/2017/07/1001025.jpg",
        "caption": "",
        "display_order": 0,
        "date_created": "2017-07-19T16:56:32.031Z"
    }
},
{
    "model": "catalogue.productimage",
    "pk": 491,
    "fields": {
        "product": 19,
        "original": "images/products/2017/07/1001019.jpg",
        "caption": "",
        "display_order": 0,
        "date_created": "2017-07-19T16:56:32.046Z"
    }
},
{
    "model": "catalogue.productimage",
    "pk": 492,
    "fields": {
        "product": 16,
        "original": "images/products/2017/07/1001016.jpg",
        "caption": "",
        "display_order": 10,
        "date_created": "2017-07-19T16:56:32.057Z"
    }
},
{
    "model": "catalogue.productimage",
    "pk": 493,
    "fields": {
        "product": 8,
        "original": "images/products/2017/07/1001008.jpg",
        "caption": "",
        "display_order": 0,
        "date_created": "2017-07-19T16:56:32.072Z"
    }
},
{
    "model": "catalogue.productimage",
    "pk": 494,
    "fields": {
        "product": 5,
        "original": "images/products/2017/07/1001005.jpg",
        "caption": "",
        "display_order": 0,
        "date_created": "2017-07-19T16:56:32.089Z"
    }
},
{
    "model": "catalogue.productimage",
    "pk": 495,
    "fields": {
        "product": 25,
        "original": "images/products/2017/07/2001001.jpg",
        "caption": "",
        "display_order": 0,
        "date_created": "2017-07-19T16:56:32.104Z"
    }
},
{
    "model": "catalogue.productimage",
    "pk": 496,
    "fields": {
        "product": 3,
        "original": "images/products/2017/07/1001003.jpg",
        "caption": "",
        "display_order": 10,
        "date_created": "2017-07-19T16:56:32.114Z"
    }
},
{
    "model": "catalogue.productimage",
    "pk": 497,
    "fields": {
        "product": 17,
        "original": "images/products/2017/07/1001017.png",
        "caption": "",
        "display_order": 10,
        "date_created": "2017-07-19T16:56:32.127Z"
    }
},
{
    "model": "catalogue.productimage",
    "pk": 498,
    "fields": {
        "product": 11,
        "original": "images/products/2017/07/1001011.jpg",
        "caption": "",
        "display_order": 0,
        "date_created": "2017-07-19T16:56:32.144Z"
    }
},
{
    "model": "catalogue.productimage",
    "pk": 499,
    "fields": {
        "product": 23,
        "original": "images/products/2017/07/1001023.jpg",
        "caption": "",
        "display_order": 0,
        "date_created": "2017-07-19T16:56:32.161Z"
    }
},
{
    "model": "catalogue.productimage",
    "pk": 500,
    "fields": {
        "product": 27,
        "original": "images/products/2017/07/3002001.jpg",
        "caption": "",
        "display_order": 0,
        "date_created": "2017-07-19T16:56:32.176Z"
    }
},
{
    "model": "catalogue.productimage",
    "pk": 501,
    "fields": {
        "product": 21,
        "original": "images/products/2017/07/1001021.jpg",
        "caption": "",
        "display_order": 10,
        "date_created": "2017-07-19T16:56:32.186Z"
    }
},
{
    "model": "catalogue.productimage",
    "pk": 502,
    "fields": {
        "product": 7,
        "original": "images/products/2017/07/1001007.jpg",
        "caption": "",
        "display_order": 0,
        "date_created": "2017-07-19T16:56:32.202Z"
    }
},
{
    "model": "catalogue.productimage",
    "pk": 503,
    "fields": {
        "product": 20,
        "original": "images/products/2017/07/1001020.jpg",
        "caption": "",
        "display_order": 0,
        "date_created": "2017-07-19T16:56:32.217Z"
    }
},
{
    "model": "catalogue.productimage",
    "pk": 504,
    "fields": {
        "product": 22,
        "original": "images/products/2017/07/1001022.jpg",
        "caption": "",
        "display_order": 0,
        "date_created": "2017-07-19T16:56:32.233Z"
    }
},
{
    "model": "catalogue.productimage",
    "pk": 505,
    "fields": {
        "product": 10,
        "original": "images/products/2017/07/1001010.jpg",
        "caption": "",
        "display_order": 0,
        "date_created": "2017-07-19T16:56:32.247Z"
    }
},
{
    "model": "catalogue.productimage",
    "pk": 506,
    "fields": {
        "product": 14,
        "original": "images/products/2017/07/1001014.jpg",
        "caption": "",
        "display_order": 10,
        "date_created": "2017-07-19T16:56:32.257Z"
    }
},
{
    "model": "catalogue.productimage",
    "pk": 510,
    "fields": {
        "product": 9,
        "original": "images/products/2017/07/1001009.jpg",
        "caption": "",
        "display_order": 10,
        "date_created": "2017-07-19T16:56:34.851Z"
    }
},
{
    "model": "catalogue.productimage",
    "pk": 518,
    "fields": {
        "product": 24,
        "original": "images/products/2017/07/1001024.jpg",
        "caption": "",
        "display_order": 21,
        "date_created": "2017-07-19T16:56:34.898Z"
    }
},
{
    "model": "catalogue.productimage",
    "pk": 523,
    "fields": {
        "product": 6,
        "original": "images/products/2017/07/1001006.jpg",
        "caption": "",
        "display_order": 10,
        "date_created": "2017-07-19T16:56:34.931Z"
    }
},
{
    "model": "catalogue.productimage",
    "pk": 531,
    "fields": {
        "product": 5,
        "original": "images/products/2017/07/1001005_sW96rAX.jpg",
        "caption": "",
        "display_order": 22,
        "date_created": "2017-07-20T19:08:52.522Z"
    }
},
{
    "model": "catalogue.productimage",
    "pk": 532,
    "fields": {
        "product": 26,
        "original": "images/products/2017/07/2001002_toc04mq.jpg",
        "caption": "",
        "display_order": 22,
        "date_created": "2017-07-20T19:08:52.532Z"
    }
},
{
    "model": "catalogue.productimage",
    "pk": 533,
    "fields": {
        "product": 8,
        "original": "images/products/2017/07/1001008_hahmTyH.jpg",
        "caption": "",
        "display_order": 22,
        "date_created": "2017-07-20T19:08:52.542Z"
    }
},
{
    "model": "catalogue.productimage",
    "pk": 534,
    "fields": {
        "product": 18,
        "original": "images/products/2017/07/1001018_cz5PCys.jpg",
        "caption": "",
        "display_order": 22,
        "date_created": "2017-07-20T19:08:52.553Z"
    }
},
{
    "model": "catalogue.productimage",
    "pk": 535,
    "fields": {
        "product": 7,
        "original": "images/products/2017/07/1001007_XVuDLZx.jpg",
        "caption": "",
        "display_order": 22,
        "date_created": "2017-07-20T19:08:52.563Z"
    }
},
{
    "model": "catalogue.productimage",
    "pk": 536,
    "fields": {
        "product": 25,
        "original": "images/products/2017/07/2001001_44V9KRX.jpg",
        "caption": "",
        "display_order": 22,
        "date_created": "2017-07-20T19:08:52.574Z"
    }
},
{
    "model": "catalogue.productimage",
    "pk": 537,
    "fields": {
        "product": 50,
        "original": "images/products/2017/07/2001004_8SZJsSX.jpg",
        "caption": "",
        "display_order": 8,
        "date_created": "2017-07-20T19:08:52.584Z"
    }
},
{
    "model": "catalogue.productimage",
    "pk": 538,
    "fields": {
        "product": 4,
        "original": "images/products/2017/07/1001004_4VNAlcV.jpg",
        "caption": "",
        "display_order": 22,
        "date_created": "2017-07-20T19:08:52.593Z"
    }
},
{
    "model": "catalogue.productimage",
    "pk": 539,
    "fields": {
        "product": 46,
        "original": "images/products/2017/07/1001025_LcjzMdn.jpg",
        "caption": "",
        "display_order": 12,
        "date_created": "2017-07-20T19:08:52.603Z"
    }
},
{
    "model": "catalogue.productimage",
    "pk": 540,
    "fields": {
        "product": 10,
        "original": "images/products/2017/07/1001010_O1m2m6t.jpg",
        "caption": "",
        "display_order": 22,
        "date_created": "2017-07-20T19:08:52.616Z"
    }
},
{
    "model": "catalogue.productimage",
    "pk": 541,
    "fields": {
        "product": 1,
        "original": "images/products/2017/07/1001001_R7ZaAL5.jpg",
        "caption": "",
        "display_order": 22,
        "date_created": "2017-07-20T19:08:52.625Z"
    }
},
{
    "model": "catalogue.productimage",
    "pk": 542,
    "fields": {
        "product": 23,
        "original": "images/products/2017/07/1001023_6ApPumS.jpg",
        "caption": "",
        "display_order": 22,
        "date_created": "2017-07-20T19:08:52.634Z"
    }
},
{
    "model": "catalogue.productimage",
    "pk": 543,
    "fields": {
        "product": 27,
        "original": "images/products/2017/07/3002001_1w37O2b.jpg",
        "caption": "",
        "display_order": 22,
        "date_created": "2017-07-20T19:08:52.643Z"
    }
},
{
    "model": "catalogue.productimage",
    "pk": 544,
    "fields": {
        "product": 19,
        "original": "images/products/2017/07/1001019_3JgIxSU.jpg",
        "caption": "",
        "display_order": 22,
        "date_created": "2017-07-20T19:08:52.653Z"
    }
},
{
    "model": "catalogue.productimage",
    "pk": 545,
    "fields": {
        "product": 20,
        "original": "images/products/2017/07/1001020_YRscrA4.jpg",
        "caption": "",
        "display_order": 22,
        "date_created": "2017-07-20T19:08:52.663Z"
    }
},
{
    "model": "catalogue.productimage",
    "pk": 546,
    "fields": {
        "product": 11,
        "original": "images/products/2017/07/1001011_NuxXOTa.jpg",
        "caption": "",
        "display_order": 22,
        "date_created": "2017-07-20T19:08:52.671Z"
    }
},
{
    "model": "catalogue.productimage",
    "pk": 547,
    "fields": {
        "product": 12,
        "original": "images/products/2017/07/1001012_nFHWBRO.jpg",
        "caption": "",
        "display_order": 22,
        "date_created": "2017-07-20T19:08:52.680Z"
    }
},
{
    "model": "catalogue.productimage",
    "pk": 548,
    "fields": {
        "product": 52,
        "original": "images/products/2017/07/3001002_2RBXOzy.jpg",
        "caption": "",
        "display_order": 4,
        "date_created": "2017-07-20T19:08:52.688Z"
    }
},
{
    "model": "catalogue.productimage",
    "pk": 549,
    "fields": {
        "product": 15,
        "original": "images/products/2017/07/1001015_fxVBeBc.jpg",
        "caption": "",
        "display_order": 22,
        "date_created": "2017-07-20T19:08:52.696Z"
    }
},
{
    "model": "catalogue.productimage",
    "pk": 550,
    "fields": {
        "product": 22,
        "original": "images/products/2017/07/1001022_vSEbZy4.jpg",
        "caption": "",
        "display_order": 22,
        "date_created": "2017-07-20T19:08:52.704Z"
    }
},
{
    "model": "catalogue.productimage",
    "pk": 551,
    "fields": {
        "product": 2,
        "original": "images/products/2017/07/1001002_eKjHfG7.jpg",
        "caption": "",
        "display_order": 22,
        "date_created": "2017-07-20T19:08:52.712Z"
    }
},
{
    "model": "catalogue.productimage",
    "pk": 552,
    "fields": {
        "product": 56,
        "original": "images/products/2017/07/4001002.jpg",
        "caption": "",
        "display_order": 0,
        "date_created": "2017-07-20T18:47:38.758Z"
    }
}
]
