[
{
    "model": "catalogue.productclass",
    "pk": 1,
    "fields": {
        "name": "Day Menu",
        "slug": "day-menu",
        "requires_shipping": true,
        "track_stock": true,
        "options": []
    }
},
{
    "model": "catalogue.productclass",
    "pk": 2,
    "fields": {
        "name": "Party Serving",
        "slug": "party-serving",
        "requires_shipping": true,
        "track_stock": true,
        "options": []
    }
},
{
    "model": "catalogue.productclass",
    "pk": 3,
    "fields": {
        "name": "Packaged Food",
        "slug": "packaged-food",
        "requires_shipping": true,
        "track_stock": true,
        "options": []
    }
},
{
    "model": "catalogue.category",
    "pk": 1,
    "fields": {
        "path": "0001",
        "depth": 1,
        "numchild": 0,
        "name": "Day Menu",
        "description": "",
        "image": "",
        "slug": "day-menu"
    }
},
{
    "model": "catalogue.category",
    "pk": 2,
    "fields": {
        "path": "0002",
        "depth": 1,
        "numchild": 0,
        "name": "Party Serving",
        "description": "",
        "image": "",
        "slug": "party-serving"
    }
},
{
    "model": "catalogue.category",
    "pk": 3,
    "fields": {
        "path": "0003",
        "depth": 1,
        "numchild": 0,
        "name": "Packaged Food",
        "description": "",
        "image": "",
        "slug": "packaged-food"
    }
},
{
    "model": "catalogue.productcategory",
    "pk": 1,
    "fields": {
        "product": 1,
        "category": 1
    }
},
{
    "model": "catalogue.productcategory",
    "pk": 2,
    "fields": {
        "product": 2,
        "category": 1
    }
},
{
    "model": "catalogue.productcategory",
    "pk": 3,
    "fields": {
        "product": 3,
        "category": 1
    }
},
{
    "model": "catalogue.productcategory",
    "pk": 4,
    "fields": {
        "product": 4,
        "category": 1
    }
},
{
    "model": "catalogue.productcategory",
    "pk": 5,
    "fields": {
        "product": 5,
        "category": 1
    }
},
{
    "model": "catalogue.productcategory",
    "pk": 6,
    "fields": {
        "product": 6,
        "category": 1
    }
},
{
    "model": "catalogue.productcategory",
    "pk": 7,
    "fields": {
        "product": 7,
        "category": 1
    }
},
{
    "model": "catalogue.productcategory",
    "pk": 8,
    "fields": {
        "product": 8,
        "category": 2
    }
},
{
    "model": "catalogue.productcategory",
    "pk": 9,
    "fields": {
        "product": 9,
        "category": 1
    }
},
{
    "model": "catalogue.productcategory",
    "pk": 10,
    "fields": {
        "product": 10,
        "category": 1
    }
},
{
    "model": "catalogue.productcategory",
    "pk": 11,
    "fields": {
        "product": 11,
        "category": 1
    }
},
{
    "model": "catalogue.productcategory",
    "pk": 12,
    "fields": {
        "product": 12,
        "category": 1
    }
},
{
    "model": "catalogue.productcategory",
    "pk": 13,
    "fields": {
        "product": 13,
        "category": 1
    }
},
{
    "model": "catalogue.productcategory",
    "pk": 14,
    "fields": {
        "product": 14,
        "category": 1
    }
},
{
    "model": "catalogue.productcategory",
    "pk": 15,
    "fields": {
        "product": 15,
        "category": 1
    }
},
{
    "model": "catalogue.productcategory",
    "pk": 16,
    "fields": {
        "product": 16,
        "category": 1
    }
},
{
    "model": "catalogue.productcategory",
    "pk": 17,
    "fields": {
        "product": 17,
        "category": 1
    }
},
{
    "model": "catalogue.productcategory",
    "pk": 18,
    "fields": {
        "product": 18,
        "category": 1
    }
},
{
    "model": "catalogue.productcategory",
    "pk": 19,
    "fields": {
        "product": 19,
        "category": 1
    }
},
{
    "model": "catalogue.productcategory",
    "pk": 20,
    "fields": {
        "product": 20,
        "category": 1
    }
},
{
    "model": "catalogue.productcategory",
    "pk": 21,
    "fields": {
        "product": 21,
        "category": 1
    }
},
{
    "model": "catalogue.productcategory",
    "pk": 22,
    "fields": {
        "product": 22,
        "category": 1
    }
},
{
    "model": "catalogue.productcategory",
    "pk": 23,
    "fields": {
        "product": 23,
        "category": 1
    }
},
{
    "model": "catalogue.productcategory",
    "pk": 24,
    "fields": {
        "product": 24,
        "category": 1
    }
},
{
    "model": "catalogue.productcategory",
    "pk": 25,
    "fields": {
        "product": 25,
        "category": 2
    }
},
{
    "model": "catalogue.productcategory",
    "pk": 26,
    "fields": {
        "product": 26,
        "category": 2
    }
},
{
    "model": "catalogue.productcategory",
    "pk": 27,
    "fields": {
        "product": 27,
        "category": 3
    }
},
{
    "model": "catalogue.product",
    "pk": 1,
    "fields": {
        "structure": "standalone",
        "upc": "1001001",
        "parent": null,
        "title": "Chao Shou \u6284\u624b",
        "slug": "chao-shou-chao-shou",
        "description": "<p style=\"font-family: 'Comic Sans MS'; font-size: 120%;\">Fried Sichuan dumplings filled with meat or vegetables</p>",
        "product_class": 1,
        "rating": null,
        "date_created": "2017-07-10T16:09:57Z",
        "date_updated": "2017-07-11T12:03:03.418Z",
        "is_discountable": true,
        "product_options": []
    }
},
{
    "model": "catalogue.product",
    "pk": 2,
    "fields": {
        "structure": "standalone",
        "upc": "1001002",
        "parent": null,
        "title": "Seafood Porridge \u6d77\u9c9c\u7ca5",
        "slug": "seafood-porridge-hai-xian-zhou",
        "description": "<p style=\"font-family: 'Comic Sans MS'; font-size: 120%;\">Tasty rice porridge with mixed seafood and vegetables</p>",
        "product_class": 1,
        "rating": null,
        "date_created": "2017-07-10T16:09:57.127Z",
        "date_updated": "2017-07-11T12:03:03.498Z",
        "is_discountable": true,
        "product_options": []
    }
},
{
    "model": "catalogue.product",
    "pk": 3,
    "fields": {
        "structure": "standalone",
        "upc": "1001003",
        "parent": null,
        "title": "Silver Wood Ear Soup \u94f6\u8033\u6c64",
        "slug": "silver-wood-ear-soup-yin-er-tang",
        "description": "<p style=\"font-family: 'Comic Sans MS'; font-size: 120%;\">A healthy and light Chinese style soup made from wood ear fungus</p>",
        "product_class": 1,
        "rating": null,
        "date_created": "2017-07-10T16:09:57.180Z",
        "date_updated": "2017-07-11T12:03:03.520Z",
        "is_discountable": true,
        "product_options": []
    }
},
{
    "model": "catalogue.product",
    "pk": 4,
    "fields": {
        "structure": "standalone",
        "upc": "1001004",
        "parent": null,
        "title": "Liang Mian \u51c9\u9762",
        "slug": "liang-mian-liang-mian",
        "description": "<p style=\"font-family: 'Comic Sans MS'; font-size: 120%;\">Cold noodles with Chinese black bean chili sauce and vegetables</p>",
        "product_class": 1,
        "rating": null,
        "date_created": "2017-07-10T16:09:57.211Z",
        "date_updated": "2017-07-11T12:03:03.541Z",
        "is_discountable": true,
        "product_options": []
    }
},
{
    "model": "catalogue.product",
    "pk": 5,
    "fields": {
        "structure": "standalone",
        "upc": "1001005",
        "parent": null,
        "title": "Baozi \u5305\u5b50",
        "slug": "baozi-bao-zi",
        "description": "<p style=\"font-family: 'Comic Sans MS'; font-size: 120%;\">Home made traditional Chinese rice buns stuffed with vegetables and meat</p>",
        "product_class": 1,
        "rating": null,
        "date_created": "2017-07-10T16:09:57.235Z",
        "date_updated": "2017-07-11T12:03:03.563Z",
        "is_discountable": true,
        "product_options": []
    }
},
{
    "model": "catalogue.product",
    "pk": 6,
    "fields": {
        "structure": "standalone",
        "upc": "1001006",
        "parent": null,
        "title": "Char Siu Rice \u53c9\u70e7\u996d",
        "slug": "char-siu-rice-cha-shao-fan",
        "description": "<p style=\"font-family: 'Comic Sans MS'; font-size: 120%;\">Cantonese style roasted pork with sweet barbecue sauce served together with rice</p>",
        "product_class": 1,
        "rating": null,
        "date_created": "2017-07-10T16:09:57.262Z",
        "date_updated": "2017-07-11T12:03:03.586Z",
        "is_discountable": true,
        "product_options": []
    }
},
{
    "model": "catalogue.product",
    "pk": 7,
    "fields": {
        "structure": "standalone",
        "upc": "1001007",
        "parent": null,
        "title": "Chongqing Beef Noodles \u91cd\u5e86\u725b\u8089\u9762",
        "slug": "chongqing-beef-noodles-zhong-qing-niu-rou-mian",
        "description": "<p style=\"font-family: 'Comic Sans MS'; font-size: 120%;\">Spicy chili and pepper soup with noodles and beef from Panda Annie's hometown of Chongqing</p>",
        "product_class": 1,
        "rating": null,
        "date_created": "2017-07-10T16:09:57.285Z",
        "date_updated": "2017-07-11T12:03:03.606Z",
        "is_discountable": true,
        "product_options": []
    }
},
{
    "model": "catalogue.product",
    "pk": 8,
    "fields": {
        "structure": "parent",
        "upc": "1001008",
        "parent": null,
        "title": "Takoyaki \u7ae0\u9c7c\u70e7",
        "slug": "takoyaki-zhang-yu-shao",
        "description": "<p><span style=\"font-size: 18pt; color: #339966;\">Main Ingredients</span></p>\r\n<table style=\"width: 225px;\">\r\n<tbody>\r\n<tr style=\"height: 18px;\">\r\n<td style=\"width: 217px; border-color: #030000; height: 18px;\">Wheat flour based</td>\r\n</tr>\r\n<tr style=\"height: 18px;\">\r\n<td style=\"width: 217px; border-color: #030000; height: 18px;\">Sea food(e.g. octopus)</td>\r\n</tr>\r\n<tr style=\"height: 18px;\">\r\n<td style=\"width: 217px; border-color: #030000; height: 18px;\">Dry fish slice</td>\r\n</tr>\r\n</tbody>\r\n</table>\r\n<p>\u00a0</p>\r\n<p><span style=\"font-size: 18pt; color: #339966;\">Flavor</span></p>\r\n<p>Soft</p>\r\n<p><span style=\"font-size: 18pt; color: #339966;\">Origin and Story</span></p>\r\n<p>A japanese cuisin but very popular in China. Eating it right after cooking is the best way to experience the taste. Here is an introduction from wiki:</p>\r\n<p><a title=\"takoyaki\" href=\"https://en.wikipedia.org/wiki/Takoyaki\" target=\"_blank\" rel=\"noopener\">Click to view takoyaki wiki</a></p>\r\n<p style=\"font-family: 'Comic Sans MS'; font-size: 120%;\">\u00a0</p>\r\n<p>\u00a0</p>",
        "product_class": 1,
        "rating": null,
        "date_created": "2017-07-10T16:09:57.309Z",
        "date_updated": "2017-07-11T13:29:12.713Z",
        "is_discountable": true,
        "product_options": []
    }
},
{
    "model": "catalogue.product",
    "pk": 9,
    "fields": {
        "structure": "standalone",
        "upc": "1001009",
        "parent": null,
        "title": "Spring Roll \u8d8a\u5357\u6625\u5377",
        "slug": "spring-roll-yue-nan-chun-juan",
        "description": "<p style=\"font-family: 'Comic Sans MS'; font-size: 120%;\">Vietnamese style vegetable and seafood rolls with rice noodles</p>",
        "product_class": 1,
        "rating": null,
        "date_created": "2017-07-10T16:09:57.330Z",
        "date_updated": "2017-07-11T12:03:03.650Z",
        "is_discountable": true,
        "product_options": []
    }
},
{
    "model": "catalogue.product",
    "pk": 10,
    "fields": {
        "structure": "standalone",
        "upc": "1001010",
        "parent": null,
        "title": "Sushi \u5bff\u53f8",
        "slug": "sushi-shou-si",
        "description": "<p style=\"font-family: 'Comic Sans MS'; font-size: 120%;\">Japanese style dish of raw seafood with vinegared-rice wrapped in Nori (seaweed)</p>",
        "product_class": 1,
        "rating": null,
        "date_created": "2017-07-10T16:09:57.350Z",
        "date_updated": "2017-07-11T12:03:03.671Z",
        "is_discountable": true,
        "product_options": []
    }
},
{
    "model": "catalogue.product",
    "pk": 11,
    "fields": {
        "structure": "standalone",
        "upc": "1001011",
        "parent": null,
        "title": "Bibimbap \u77f3\u9505\u62cc\u996d",
        "slug": "bibimbap-shi-guo-ban-fan",
        "description": "<p style=\"font-family: 'Comic Sans MS'; font-size: 120%;\">Korean style mixed rice with vegetables and meat served with spicy chili sauce and topped with fried egg</p>",
        "product_class": 1,
        "rating": null,
        "date_created": "2017-07-10T16:09:57.377Z",
        "date_updated": "2017-07-11T12:03:03.693Z",
        "is_discountable": true,
        "product_options": []
    }
},
{
    "model": "catalogue.product",
    "pk": 12,
    "fields": {
        "structure": "standalone",
        "upc": "1001012",
        "parent": null,
        "title": "Scallop w/ Vermicelli \u849c\u84c9\u7c89\u4e1d\u6247\u8d1d",
        "slug": "scallop-w-vermicelli-suan-rong-fen-si-shan-bei",
        "description": "<p style=\"font-family: 'Comic Sans MS'; font-size: 120%;\">Thin rice noodles topped with scallops, garlic and soy sauce</p>",
        "product_class": 1,
        "rating": null,
        "date_created": "2017-07-10T16:09:57.403Z",
        "date_updated": "2017-07-11T12:03:03.715Z",
        "is_discountable": true,
        "product_options": []
    }
},
{
    "model": "catalogue.product",
    "pk": 13,
    "fields": {
        "structure": "standalone",
        "upc": "1001013",
        "parent": null,
        "title": "Tom Yum Noodles \u51ac\u9634\u529f\u6c64\u9762",
        "slug": "tom-yum-noodles-dong-yin-gong-tang-mian",
        "description": "<p style=\"font-family: 'Comic Sans MS'; font-size: 120%;\">Rice noodles and seafood soup with traditional Thai Tom Yum sauce</p>",
        "product_class": 1,
        "rating": null,
        "date_created": "2017-07-10T16:09:57.427Z",
        "date_updated": "2017-07-11T12:03:03.737Z",
        "is_discountable": true,
        "product_options": []
    }
},
{
    "model": "catalogue.product",
    "pk": 14,
    "fields": {
        "structure": "standalone",
        "upc": "1001014",
        "parent": null,
        "title": "Claypot Tofu \u7802\u9505\u8c46\u8150",
        "slug": "claypot-tofu-sha-guo-dou-fu",
        "description": "<p style=\"font-family: 'Comic Sans MS'; font-size: 120%;\">Tofu and rice noodles with mixed vegetables cooked in an earthen pot</p>",
        "product_class": 1,
        "rating": null,
        "date_created": "2017-07-10T16:09:57.459Z",
        "date_updated": "2017-07-11T12:03:03.757Z",
        "is_discountable": true,
        "product_options": []
    }
},
{
    "model": "catalogue.product",
    "pk": 15,
    "fields": {
        "structure": "standalone",
        "upc": "1001015",
        "parent": null,
        "title": "Braised Pork Rice \u53f0\u6e7e\u5364\u8089\u996d",
        "slug": "braised-pork-rice-tai-wan-lu-rou-fan",
        "description": "<p style=\"font-family: 'Comic Sans MS'; font-size: 120%;\">Classic Taiwanese dish of pork slowly cooked in a flavorful broth of soy sauce, wine and spices</p>",
        "product_class": 1,
        "rating": null,
        "date_created": "2017-07-10T16:09:57.480Z",
        "date_updated": "2017-07-11T12:03:03.779Z",
        "is_discountable": true,
        "product_options": []
    }
},
{
    "model": "catalogue.product",
    "pk": 16,
    "fields": {
        "structure": "standalone",
        "upc": "1001016",
        "parent": null,
        "title": "Steamed Rice w/ Bacon \u814a\u8089\u996d",
        "slug": "steamed-rice-w-bacon-la-rou-fan",
        "description": "<p style=\"font-family: 'Comic Sans MS'; font-size: 120%;\">Chinese steamed rice dish with green beans and bacon</p>",
        "product_class": 1,
        "rating": null,
        "date_created": "2017-07-10T16:09:57.514Z",
        "date_updated": "2017-07-11T12:03:03.801Z",
        "is_discountable": true,
        "product_options": []
    }
},
{
    "model": "catalogue.product",
    "pk": 17,
    "fields": {
        "structure": "standalone",
        "upc": "1001017",
        "parent": null,
        "title": "Shredded Pork w/ Hot Garlic Sauce \u9c7c\u9999\u8089\u4e1d",
        "slug": "shredded-pork-w-hot-garlic-sauce-yu-xiang-rou-si",
        "description": "<p style=\"font-family: 'Comic Sans MS'; font-size: 120%;\">Famous Sichuan dish of shredded pork in a spicy sauce made from Sichuan peppers, soy sauce and vinegar</p>",
        "product_class": 1,
        "rating": null,
        "date_created": "2017-07-10T16:09:57.536Z",
        "date_updated": "2017-07-11T12:03:03.822Z",
        "is_discountable": true,
        "product_options": []
    }
},
{
    "model": "catalogue.product",
    "pk": 18,
    "fields": {
        "structure": "standalone",
        "upc": "1001018",
        "parent": null,
        "title": "Kung Pao Chicken \u5bab\u4fdd\u9e21\u4e01",
        "slug": "kung-pao-chicken-gong-bao-ji-ding",
        "description": "<p style=\"font-family: 'Comic Sans MS'; font-size: 120%;\">Famous Chinese dish of stir-fried chicken cubes with peanuts, vegetables and chili sauce</p>",
        "product_class": 1,
        "rating": null,
        "date_created": "2017-07-10T16:09:57.560Z",
        "date_updated": "2017-07-11T12:03:03.844Z",
        "is_discountable": true,
        "product_options": []
    }
},
{
    "model": "catalogue.product",
    "pk": 19,
    "fields": {
        "structure": "standalone",
        "upc": "1001019",
        "parent": null,
        "title": "Potato Salad \u571f\u8c46\u6c99\u62c9",
        "slug": "potato-salad-tu-dou-sha-la",
        "description": "<p style=\"font-family: 'Comic Sans MS'; font-size: 120%;\">Healthy salad made with potatoes and vegetables</p>",
        "product_class": 1,
        "rating": null,
        "date_created": "2017-07-10T16:09:57.586Z",
        "date_updated": "2017-07-11T12:03:03.866Z",
        "is_discountable": true,
        "product_options": []
    }
},
{
    "model": "catalogue.product",
    "pk": 20,
    "fields": {
        "structure": "standalone",
        "upc": "1001020",
        "parent": null,
        "title": "Stir-fried Tomato and Egg \u897f\u7ea2\u67ff\u7092\u9e21\u86cb",
        "slug": "stir-fried-tomato-and-egg-xi-hong-shi-chao-ji-dan",
        "description": "<p style=\"font-family: 'Comic Sans MS'; font-size: 120%;\">Classic Chinese dish of tomatoes and eggs stir-fried with onions</p>",
        "product_class": 1,
        "rating": null,
        "date_created": "2017-07-10T16:09:57.611Z",
        "date_updated": "2017-07-11T12:03:03.887Z",
        "is_discountable": true,
        "product_options": []
    }
},
{
    "model": "catalogue.product",
    "pk": 21,
    "fields": {
        "structure": "standalone",
        "upc": "1001021",
        "parent": null,
        "title": "Cream of Mushroom Soup \u5976\u6cb9\u8611\u83c7\u6c64",
        "slug": "cream-of-mushroom-soup-nai-you-mo-gu-tang",
        "description": "<p style=\"font-family: 'Comic Sans MS'; font-size: 120%;\">Comforting and filing home made soup with mushroom and cream</p>",
        "product_class": 1,
        "rating": null,
        "date_created": "2017-07-10T16:09:57.633Z",
        "date_updated": "2017-07-11T12:03:03.909Z",
        "is_discountable": true,
        "product_options": []
    }
},
{
    "model": "catalogue.product",
    "pk": 22,
    "fields": {
        "structure": "standalone",
        "upc": "1001022",
        "parent": null,
        "title": "Spaghetti w/ Garlic Tomato Sauce \u610f\u5927\u5229\u9762",
        "slug": "spaghetti-w-garlic-tomato-sauce-yi-da-li-mian",
        "description": "<p style=\"font-family: 'Comic Sans MS'; font-size: 120%;\">Spaghetti served with Panda Annie's special garlic tomato sauce</p>",
        "product_class": 1,
        "rating": null,
        "date_created": "2017-07-10T16:09:57.654Z",
        "date_updated": "2017-07-11T12:03:03.932Z",
        "is_discountable": true,
        "product_options": []
    }
},
{
    "model": "catalogue.product",
    "pk": 23,
    "fields": {
        "structure": "parent",
        "upc": "1001023",
        "parent": null,
        "title": "Cold Skin Noodles \u51c9\u76ae",
        "slug": "cold-skin-noodles-liang-pi",
        "description": "<p><span style=\"font-size: 18pt; color: #339966;\">Origin and Story</span></p>\r\n<p>A most well-known dish in China. Here is an introduction from wiki:</p>\r\n<p><a title=\"liangpi\" href=\"https://en.wikipedia.org/wiki/Liangpi\" target=\"_blank\" rel=\"noopener\">Click to view liangpi wiki</a></p>\r\n<p>\u00a0</p>\r\n<p><span style=\"font-size: 18pt; color: #339966;\">Main Ingredients</span></p>\r\n<table style=\"width: 128px;\">\r\n<tbody>\r\n<tr>\r\n<td style=\"width: 118px; border-color: #030000;\">Wheat/Rice flour</td>\r\n</tr>\r\n<tr>\r\n<td style=\"width: 118px; border-color: #030000;\">Cucumber</td>\r\n</tr>\r\n<tr>\r\n<td style=\"width: 118px; border-color: #030000;\">Peanut</td>\r\n</tr>\r\n<tr>\r\n<td style=\"width: 118px; border-color: #030000;\">Garlic</td>\r\n</tr>\r\n</tbody>\r\n</table>\r\n<p>\u00a0</p>\r\n<p><span style=\"font-size: 18pt; color: #339966;\">Flavour</span></p>\r\n<table style=\"width: 181px;\">\r\n<tbody>\r\n<tr>\r\n<td style=\"width: 51px; border-color: #030000;\">Sour\u00a0</td>\r\n<td style=\"width: 120px; border-color: #030000;\">1/5</td>\r\n</tr>\r\n<tr>\r\n<td style=\"width: 51px; border-color: #030000;\">Spicy</td>\r\n<td style=\"width: 120px; border-color: #030000;\">0/5 \u00a0or \u00a04/5</td>\r\n</tr>\r\n</tbody>\r\n</table>\r\n<p>\u00a0</p>\r\n<p>\u00a0</p>\r\n<p style=\"font-family: 'Comic Sans MS'; font-size: 120%;\">\u00a0</p>\r\n<p>\u00a0</p>",
        "product_class": 1,
        "rating": null,
        "date_created": "2017-07-10T16:09:57.675Z",
        "date_updated": "2017-07-11T12:50:45.433Z",
        "is_discountable": true,
        "product_options": []
    }
},
{
    "model": "catalogue.product",
    "pk": 24,
    "fields": {
        "structure": "standalone",
        "upc": "1001024",
        "parent": null,
        "title": "Lettuce w/ Oyster Sauce \u869d\u6cb9\u751f\u83dc",
        "slug": "lettuce-w-oyster-sauce-ci-you-sheng-cai",
        "description": "<p style=\"font-family: 'Comic Sans MS'; font-size: 120%;\">Stir-fried lettuce with oyster sauce and ginger </p>",
        "product_class": 1,
        "rating": null,
        "date_created": "2017-07-10T16:09:57.698Z",
        "date_updated": "2017-07-11T12:03:03.974Z",
        "is_discountable": true,
        "product_options": []
    }
},
{
    "model": "catalogue.product",
    "pk": 25,
    "fields": {
        "structure": "standalone",
        "upc": "2001001",
        "parent": null,
        "title": "Roast Fish \u70e4\u9c7c",
        "slug": "roast-fish-kao-yu",
        "description": "<p style=\"font-family: 'Comic Sans MS'; font-size: 120%;\">Whole roasted fish immersed in a savory sauce of spices and vegetables<p style=\"font-family: 'Comic Sans MS'; font-size: 120%;>Great for parties and small gatherings</p>",
        "product_class": 2,
        "rating": null,
        "date_created": "2017-07-10T16:09:57.723Z",
        "date_updated": "2017-07-11T12:03:03.996Z",
        "is_discountable": true,
        "product_options": []
    }
},
{
    "model": "catalogue.product",
    "pk": 26,
    "fields": {
        "structure": "parent",
        "upc": "2001002",
        "parent": null,
        "title": "Hotpot \u706b\u9505",
        "slug": "hotpot-huo-guo",
        "description": "<p><span style=\"font-size: 12pt;\">Good for 3 persons. Fish, beef and vegitables are included.</span></p>\r\n<p><span style=\"font-size: 12pt;\"> If &gt;3 persons, please contact me.\uff08email is on home page).</span></p>\r\n<p>\u00a0</p>\r\n<p><span style=\"font-size: 18pt; color: #339966;\">Main Ingredients</span></p>\r\n<table style=\"width: 225px;\">\r\n<tbody>\r\n<tr style=\"height: 18px;\">\r\n<td style=\"width: 217px; border-color: #030000; height: 18px;\">Chicken/Beef soup</td>\r\n</tr>\r\n<tr style=\"height: 18px;\">\r\n<td style=\"width: 217px; border-color: #030000; height: 18px;\">Onlion</td>\r\n</tr>\r\n<tr style=\"height: 18px;\">\r\n<td style=\"width: 217px; border-color: #030000; height: 18px;\">Hotpot Spices from plantes</td>\r\n</tr>\r\n</tbody>\r\n</table>\r\n<p>\u00a0</p>\r\n<p><span style=\"font-size: 18pt; color: #339966;\">Flavor</span></p>\r\n<table style=\"width: 181px;\">\r\n<tbody>\r\n<tr>\r\n<td style=\"width: 51px; border-color: #030000;\">Spicy</td>\r\n<td style=\"width: 120px; border-color: #030000;\">0/5 \u00a0or \u00a04/5</td>\r\n</tr>\r\n</tbody>\r\n</table>\r\n<p>\u00a0</p>\r\n<p><span style=\"font-size: 18pt; color: #339966;\">Origin and Story</span></p>\r\n<p>Great for parties and small gatherings. Here is an introduction from wiki:</p>\r\n<p style=\"font-family: 'Comic Sans MS'; font-size: 120%;\">\u00a0</p>\r\n<p><a title=\"hotpot\" href=\"https://en.wikipedia.org/wiki/Hot_pot\" target=\"_blank\" rel=\"noopener\">Click to view hot pot wiki</a></p>\r\n<p>\u00a0</p>",
        "product_class": 2,
        "rating": null,
        "date_created": "2017-07-10T16:09:57.747Z",
        "date_updated": "2017-07-11T13:12:13.831Z",
        "is_discountable": true,
        "product_options": []
    }
},
{
    "model": "catalogue.product",
    "pk": 27,
    "fields": {
        "structure": "standalone",
        "upc": "3002001",
        "parent": null,
        "title": "Sausage \u9999\u80a0",
        "slug": "sausage-xiang-chang",
        "description": "<p style=\"font-family: 'Comic Sans MS'; font-size: 120%;\">Homemade Chinese style sausage.</p>",
        "product_class": 3,
        "rating": null,
        "date_created": "2017-07-10T16:09:57.769Z",
        "date_updated": "2017-07-11T12:03:04.038Z",
        "is_discountable": true,
        "product_options": []
    }
},
{
    "model": "catalogue.product",
    "pk": 28,
    "fields": {
        "structure": "child",
        "upc": "100102301",
        "parent": 23,
        "title": "Spicy with sesame sauce",
        "slug": "spicy-with-sesame-sauce",
        "description": "",
        "product_class": null,
        "rating": null,
        "date_created": "2017-07-11T11:01:54.678Z",
        "date_updated": "2017-07-11T11:40:39.901Z",
        "is_discountable": true,
        "product_options": []
    }
},
{
    "model": "catalogue.product",
    "pk": 29,
    "fields": {
        "structure": "child",
        "upc": "100102302",
        "parent": 23,
        "title": "Spicy without sesame sauce",
        "slug": "spicy-without-sesame-sauce",
        "description": "",
        "product_class": null,
        "rating": null,
        "date_created": "2017-07-11T11:34:57.590Z",
        "date_updated": "2017-07-11T11:34:57.591Z",
        "is_discountable": true,
        "product_options": []
    }
},
{
    "model": "catalogue.product",
    "pk": 30,
    "fields": {
        "structure": "child",
        "upc": "100102303",
        "parent": 23,
        "title": "Not spicy with sesame sauce",
        "slug": "not-spicy-with-sesame-sauce",
        "description": "",
        "product_class": null,
        "rating": null,
        "date_created": "2017-07-11T11:35:19.375Z",
        "date_updated": "2017-07-11T11:38:15.336Z",
        "is_discountable": true,
        "product_options": []
    }
},
{
    "model": "catalogue.product",
    "pk": 31,
    "fields": {
        "structure": "child",
        "upc": "100102304",
        "parent": 23,
        "title": "Not spicy without sesame sauce",
        "slug": "not-spicy-without-sesame-sauce",
        "description": "",
        "product_class": null,
        "rating": null,
        "date_created": "2017-07-11T11:35:44.302Z",
        "date_updated": "2017-07-11T11:40:20.135Z",
        "is_discountable": true,
        "product_options": []
    }
},
{
    "model": "catalogue.product",
    "pk": 33,
    "fields": {
        "structure": "child",
        "upc": "200100201",
        "parent": 26,
        "title": "Spicy Sichuan Style",
        "slug": "spicy-sichuan-style",
        "description": "",
        "product_class": null,
        "rating": null,
        "date_created": "2017-07-11T12:18:22.650Z",
        "date_updated": "2017-07-11T12:18:22.650Z",
        "is_discountable": true,
        "product_options": []
    }
},
{
    "model": "catalogue.product",
    "pk": 34,
    "fields": {
        "structure": "child",
        "upc": "200100202",
        "parent": 26,
        "title": "Not Spicy Sichuan Style",
        "slug": "not-spicy-sichuan-style",
        "description": "",
        "product_class": null,
        "rating": null,
        "date_created": "2017-07-11T12:19:25.056Z",
        "date_updated": "2017-07-11T12:19:25.056Z",
        "is_discountable": true,
        "product_options": []
    }
},
{
    "model": "catalogue.product",
    "pk": 35,
    "fields": {
        "structure": "child",
        "upc": "200100203",
        "parent": 26,
        "title": "Spicy and not spicy",
        "slug": "spicy-and-not-spicy",
        "description": "",
        "product_class": null,
        "rating": null,
        "date_created": "2017-07-11T12:20:50.497Z",
        "date_updated": "2017-07-11T12:20:50.498Z",
        "is_discountable": true,
        "product_options": []
    }
},
{
    "model": "catalogue.product",
    "pk": 38,
    "fields": {
        "structure": "child",
        "upc": "100100801",
        "parent": 8,
        "title": "With mayonnaise",
        "slug": "with-mayonnaise",
        "description": "",
        "product_class": null,
        "rating": null,
        "date_created": "2017-07-11T13:21:12.187Z",
        "date_updated": "2017-07-11T13:22:15.080Z",
        "is_discountable": true,
        "product_options": []
    }
},
{
    "model": "catalogue.product",
    "pk": 39,
    "fields": {
        "structure": "child",
        "upc": "100100802",
        "parent": 8,
        "title": "With ketchup",
        "slug": "with-ketchup",
        "description": "",
        "product_class": null,
        "rating": null,
        "date_created": "2017-07-11T13:21:52.551Z",
        "date_updated": "2017-07-11T13:21:52.551Z",
        "is_discountable": true,
        "product_options": []
    }
},
{
    "model": "catalogue.productimage",
    "pk": 47,
    "fields": {
        "product": 2,
        "original": "images/products/2017/07/1001002.jpg",
        "caption": "",
        "display_order": 2,
        "date_created": "2017-07-11T12:03:07.227Z"
    }
},
{
    "model": "catalogue.productimage",
    "pk": 48,
    "fields": {
        "product": 26,
        "original": "images/products/2017/07/2001002.jpg",
        "caption": "",
        "display_order": 2,
        "date_created": "2017-07-11T12:03:07.244Z"
    }
},
{
    "model": "catalogue.productimage",
    "pk": 49,
    "fields": {
        "product": 24,
        "original": "images/products/2017/07/1001024.jpeg",
        "caption": "",
        "display_order": 2,
        "date_created": "2017-07-11T12:03:07.260Z"
    }
},
{
    "model": "catalogue.productimage",
    "pk": 50,
    "fields": {
        "product": 13,
        "original": "images/products/2017/07/1001013.jpg",
        "caption": "",
        "display_order": 1,
        "date_created": "2017-07-11T12:03:07.272Z"
    }
},
{
    "model": "catalogue.productimage",
    "pk": 51,
    "fields": {
        "product": 12,
        "original": "images/products/2017/07/1001012.jpg",
        "caption": "",
        "display_order": 2,
        "date_created": "2017-07-11T12:03:07.288Z"
    }
},
{
    "model": "catalogue.productimage",
    "pk": 52,
    "fields": {
        "product": 18,
        "original": "images/products/2017/07/1001018.jpg",
        "caption": "",
        "display_order": 2,
        "date_created": "2017-07-11T12:03:07.305Z"
    }
},
{
    "model": "catalogue.productimage",
    "pk": 53,
    "fields": {
        "product": 4,
        "original": "images/products/2017/07/1001004.jpg",
        "caption": "",
        "display_order": 2,
        "date_created": "2017-07-11T12:03:07.321Z"
    }
},
{
    "model": "catalogue.productimage",
    "pk": 54,
    "fields": {
        "product": 1,
        "original": "images/products/2017/07/1001001.jpg",
        "caption": "",
        "display_order": 2,
        "date_created": "2017-07-11T12:03:07.339Z"
    }
},
{
    "model": "catalogue.productimage",
    "pk": 55,
    "fields": {
        "product": 15,
        "original": "images/products/2017/07/1001015.jpg",
        "caption": "",
        "display_order": 2,
        "date_created": "2017-07-11T12:03:07.356Z"
    }
},
{
    "model": "catalogue.productimage",
    "pk": 56,
    "fields": {
        "product": 19,
        "original": "images/products/2017/07/1001019.jpg",
        "caption": "",
        "display_order": 2,
        "date_created": "2017-07-11T12:03:07.373Z"
    }
},
{
    "model": "catalogue.productimage",
    "pk": 57,
    "fields": {
        "product": 16,
        "original": "images/products/2017/07/1001016.jpg",
        "caption": "",
        "display_order": 1,
        "date_created": "2017-07-11T12:03:07.384Z"
    }
},
{
    "model": "catalogue.productimage",
    "pk": 58,
    "fields": {
        "product": 8,
        "original": "images/products/2017/07/1001008.jpg",
        "caption": "",
        "display_order": 2,
        "date_created": "2017-07-11T12:03:07.402Z"
    }
},
{
    "model": "catalogue.productimage",
    "pk": 59,
    "fields": {
        "product": 5,
        "original": "images/products/2017/07/1001005.jpg",
        "caption": "",
        "display_order": 2,
        "date_created": "2017-07-11T12:03:07.418Z"
    }
},
{
    "model": "catalogue.productimage",
    "pk": 60,
    "fields": {
        "product": 25,
        "original": "images/products/2017/07/2001001.jpg",
        "caption": "",
        "display_order": 2,
        "date_created": "2017-07-11T12:03:07.434Z"
    }
},
{
    "model": "catalogue.productimage",
    "pk": 61,
    "fields": {
        "product": 3,
        "original": "images/products/2017/07/1001003.jpg",
        "caption": "",
        "display_order": 1,
        "date_created": "2017-07-11T12:03:07.445Z"
    }
},
{
    "model": "catalogue.productimage",
    "pk": 62,
    "fields": {
        "product": 17,
        "original": "images/products/2017/07/1001017.png",
        "caption": "",
        "display_order": 1,
        "date_created": "2017-07-11T12:03:07.460Z"
    }
},
{
    "model": "catalogue.productimage",
    "pk": 63,
    "fields": {
        "product": 11,
        "original": "images/products/2017/07/1001011.jpg",
        "caption": "",
        "display_order": 2,
        "date_created": "2017-07-11T12:03:07.478Z"
    }
},
{
    "model": "catalogue.productimage",
    "pk": 64,
    "fields": {
        "product": 23,
        "original": "images/products/2017/07/1001023.jpg",
        "caption": "",
        "display_order": 2,
        "date_created": "2017-07-11T12:03:07.496Z"
    }
},
{
    "model": "catalogue.productimage",
    "pk": 65,
    "fields": {
        "product": 27,
        "original": "images/products/2017/07/3002001.jpg",
        "caption": "",
        "display_order": 2,
        "date_created": "2017-07-11T12:03:07.512Z"
    }
},
{
    "model": "catalogue.productimage",
    "pk": 66,
    "fields": {
        "product": 21,
        "original": "images/products/2017/07/1001021.jpg",
        "caption": "",
        "display_order": 1,
        "date_created": "2017-07-11T12:03:07.524Z"
    }
},
{
    "model": "catalogue.productimage",
    "pk": 67,
    "fields": {
        "product": 7,
        "original": "images/products/2017/07/1001007.jpg",
        "caption": "",
        "display_order": 2,
        "date_created": "2017-07-11T12:03:07.540Z"
    }
},
{
    "model": "catalogue.productimage",
    "pk": 68,
    "fields": {
        "product": 20,
        "original": "images/products/2017/07/1001020.jpg",
        "caption": "",
        "display_order": 2,
        "date_created": "2017-07-11T12:03:07.557Z"
    }
},
{
    "model": "catalogue.productimage",
    "pk": 69,
    "fields": {
        "product": 22,
        "original": "images/products/2017/07/1001022.jpg",
        "caption": "",
        "display_order": 2,
        "date_created": "2017-07-11T12:03:07.576Z"
    }
},
{
    "model": "catalogue.productimage",
    "pk": 70,
    "fields": {
        "product": 10,
        "original": "images/products/2017/07/1001010.jpg",
        "caption": "",
        "display_order": 2,
        "date_created": "2017-07-11T12:03:07.592Z"
    }
},
{
    "model": "catalogue.productimage",
    "pk": 71,
    "fields": {
        "product": 14,
        "original": "images/products/2017/07/1001014.jpg",
        "caption": "",
        "display_order": 1,
        "date_created": "2017-07-11T12:03:07.603Z"
    }
},
{
    "model": "catalogue.productimage",
    "pk": 72,
    "fields": {
        "product": 2,
        "original": "images/products/2017/07/1001002_RdLPXde.jpg",
        "caption": "",
        "display_order": 3,
        "date_created": "2017-07-11T12:03:10.763Z"
    }
},
{
    "model": "catalogue.productimage",
    "pk": 73,
    "fields": {
        "product": 26,
        "original": "images/products/2017/07/2001002_rIyPHZD.jpg",
        "caption": "",
        "display_order": 3,
        "date_created": "2017-07-11T12:03:10.770Z"
    }
},
{
    "model": "catalogue.productimage",
    "pk": 74,
    "fields": {
        "product": 9,
        "original": "images/products/2017/07/1001009.jpg",
        "caption": "",
        "display_order": 1,
        "date_created": "2017-07-11T12:03:10.785Z"
    }
},
{
    "model": "catalogue.productimage",
    "pk": 75,
    "fields": {
        "product": 12,
        "original": "images/products/2017/07/1001012_13C2KEC.jpg",
        "caption": "",
        "display_order": 3,
        "date_created": "2017-07-11T12:03:10.792Z"
    }
},
{
    "model": "catalogue.productimage",
    "pk": 76,
    "fields": {
        "product": 18,
        "original": "images/products/2017/07/1001018_GxeJhXU.jpg",
        "caption": "",
        "display_order": 3,
        "date_created": "2017-07-11T12:03:10.800Z"
    }
},
{
    "model": "catalogue.productimage",
    "pk": 77,
    "fields": {
        "product": 4,
        "original": "images/products/2017/07/1001004_2ogvdvR.jpg",
        "caption": "",
        "display_order": 3,
        "date_created": "2017-07-11T12:03:10.807Z"
    }
},
{
    "model": "catalogue.productimage",
    "pk": 78,
    "fields": {
        "product": 1,
        "original": "images/products/2017/07/1001001_SGwGIxJ.jpg",
        "caption": "",
        "display_order": 3,
        "date_created": "2017-07-11T12:03:10.813Z"
    }
},
{
    "model": "catalogue.productimage",
    "pk": 79,
    "fields": {
        "product": 15,
        "original": "images/products/2017/07/1001015_wFgLfs4.jpg",
        "caption": "",
        "display_order": 3,
        "date_created": "2017-07-11T12:03:10.820Z"
    }
},
{
    "model": "catalogue.productimage",
    "pk": 80,
    "fields": {
        "product": 24,
        "original": "images/products/2017/07/1001024.jpg",
        "caption": "",
        "display_order": 3,
        "date_created": "2017-07-11T12:03:10.825Z"
    }
},
{
    "model": "catalogue.productimage",
    "pk": 81,
    "fields": {
        "product": 19,
        "original": "images/products/2017/07/1001019_ULCPUQz.jpg",
        "caption": "",
        "display_order": 3,
        "date_created": "2017-07-11T12:03:10.832Z"
    }
},
{
    "model": "catalogue.productimage",
    "pk": 82,
    "fields": {
        "product": 8,
        "original": "images/products/2017/07/1001008_mYLPUnH.jpg",
        "caption": "",
        "display_order": 3,
        "date_created": "2017-07-11T12:03:10.839Z"
    }
},
{
    "model": "catalogue.productimage",
    "pk": 83,
    "fields": {
        "product": 5,
        "original": "images/products/2017/07/1001005_ClWlvOy.jpg",
        "caption": "",
        "display_order": 3,
        "date_created": "2017-07-11T12:03:10.845Z"
    }
},
{
    "model": "catalogue.productimage",
    "pk": 84,
    "fields": {
        "product": 25,
        "original": "images/products/2017/07/2001001_jM9igM1.jpg",
        "caption": "",
        "display_order": 3,
        "date_created": "2017-07-11T12:03:10.851Z"
    }
},
{
    "model": "catalogue.productimage",
    "pk": 85,
    "fields": {
        "product": 6,
        "original": "images/products/2017/07/1001006.jpg",
        "caption": "",
        "display_order": 1,
        "date_created": "2017-07-11T12:03:10.864Z"
    }
},
{
    "model": "catalogue.productimage",
    "pk": 86,
    "fields": {
        "product": 11,
        "original": "images/products/2017/07/1001011_qNJlBTC.jpg",
        "caption": "",
        "display_order": 3,
        "date_created": "2017-07-11T12:03:10.871Z"
    }
},
{
    "model": "catalogue.productimage",
    "pk": 87,
    "fields": {
        "product": 23,
        "original": "images/products/2017/07/1001023_vhv9UvQ.jpg",
        "caption": "",
        "display_order": 3,
        "date_created": "2017-07-11T12:03:10.877Z"
    }
},
{
    "model": "catalogue.productimage",
    "pk": 88,
    "fields": {
        "product": 27,
        "original": "images/products/2017/07/3002001_0zThtBs.jpg",
        "caption": "",
        "display_order": 3,
        "date_created": "2017-07-11T12:03:10.882Z"
    }
},
{
    "model": "catalogue.productimage",
    "pk": 89,
    "fields": {
        "product": 7,
        "original": "images/products/2017/07/1001007_zzAjdps.jpg",
        "caption": "",
        "display_order": 3,
        "date_created": "2017-07-11T12:03:10.890Z"
    }
},
{
    "model": "catalogue.productimage",
    "pk": 90,
    "fields": {
        "product": 20,
        "original": "images/products/2017/07/1001020_XJNIPLB.jpg",
        "caption": "",
        "display_order": 3,
        "date_created": "2017-07-11T12:03:10.897Z"
    }
},
{
    "model": "catalogue.productimage",
    "pk": 91,
    "fields": {
        "product": 22,
        "original": "images/products/2017/07/1001022_9KXLefo.jpg",
        "caption": "",
        "display_order": 3,
        "date_created": "2017-07-11T12:03:10.904Z"
    }
},
{
    "model": "catalogue.productimage",
    "pk": 92,
    "fields": {
        "product": 10,
        "original": "images/products/2017/07/1001010_aqxrNwt.jpg",
        "caption": "",
        "display_order": 3,
        "date_created": "2017-07-11T12:03:10.910Z"
    }
}
]
